file,winner,F1,F2,F3,edit
AB_0001,2,2,2,2,0
AB_0002,1,1,1,1,0
AB_0003,2,2,2,2,0
AB_0004,1,1,1,1,0
AB_0005,3,3,3,3,0
AB_0006,2,2,2,2,0
AB_0007,2,2,2,2,0
AB_0008,2,2,2,2,0
AB_0009,2,2,2,2,0
AB_0010,1,1,1,1,0
AB_0011,2,2,2,2,0
AB_0012,1,1,1,1,0
AB_0013,7,7,7,7,0
AB_0014,2,2,2,2,0
AB_0015,6,6,6,6,0
AB_0016,3,3,3,3,0
AB_0017,1,1,1,1,0
AB_0018,1,1,1,1,0
AB_0019,1,1,1,1,0
AB_0020,4,4,4,4,0
AB_0021,3,3,3,3,0
AB_0022,1,1,1,1,0
AB_0023,6,6,6,6,0
AB_0024,3,3,3,3,0
AB_0025,2,2,2,2,0
AB_0026,3,3,3,3,0
AB_0027,4,4,4,4,0
AB_0028,3,3,3,3,0
AB_0029,1,1,1,1,0
AB_0030,2,2,2,2,0
AB_0031,7,7,7,7,0
AB_0032,5,5,5,5,0
AB_0033,3,3,3,3,0
AB_0034,2,2,2,2,0
AB_0035,4,4,4,4,0
AB_0036,4,4,4,4,0
AB_0037,3,3,3,3,0
AB_0038,2,2,2,2,0
AB_0039,3,3,3,3,0
AB_0040,6,6,6,6,0
AB_0041,2,2,2,2,0
AB_0042,1,1,1,1,0
AB_0043,4,4,4,4,0
AB_0044,1,1,1,1,0
AB_0045,5,5,5,5,0
AB_0046,6,6,6,6,0
AB_0047,1,1,1,1,0
AB_0048,7,7,7,7,0
AB_0049,2,2,2,2,0
AB_0050,2,2,2,2,0
AB_0051,1,1,1,1,0
AB_0052,7,7,7,7,0
AB_0053,7,7,7,7,0
AB_0054,1,1,1,1,0
AB_0055,3,3,3,3,0
AB_0056,4,4,4,4,0
AB_0057,1,1,1,1,0
AB_0058,3,3,3,3,0
AB_0059,2,2,2,2,0
AB_0060,3,3,3,3,0
AB_0061,5,5,5,5,0
AB_0062,7,7,7,7,0
AB_0063,2,2,2,2,0
AB_0064,4,4,4,4,0
AB_0065,1,1,1,1,0
AB_0066,7,7,7,7,0
AB_0067,2,2,2,2,0
AB_0068,3,3,3,3,0
AB_0069,1,1,1,1,0
AB_0070,3,3,3,3,0
AB_0071,3,3,3,3,0
AB_0072,1,1,1,1,0
AB_0073,8,8,8,8,0
AB_0074,1,1,1,1,0
AB_0075,1,1,1,1,0
AB_0076,1,1,1,1,0
AB_0077,6,6,6,6,0
AB_0078,4,4,4,4,0
AB_0079,5,5,5,5,0
AB_0080,3,3,3,3,0
AB_0081,3,3,3,3,0
AB_0082,4,4,4,4,0
AB_0083,1,1,1,1,0
AB_0084,1,1,1,1,0
AB_0085,2,2,2,2,0
AB_0086,1,1,1,1,0
AB_0087,1,1,1,1,0
AB_0088,3,3,3,3,0
AB_0089,3,3,3,3,0
AB_0090,2,2,2,2,0
AB_0091,1,1,1,1,0
AB_0092,1,1,1,1,0
AB_0093,1,1,1,1,0
AB_0094,1,1,1,1,0
AB_0095,2,2,2,2,0
AB_0096,2,2,2,2,0
AB_0097,2,2,2,2,0
AB_0098,3,3,3,3,0
AI_0001,1,1,1,1,0
AI_0002,1,1,1,1,0
AI_0003,1,1,1,1,0
AI_0004,1,1,1,1,0
AI_0005,2,2,2,2,0
AI_0006,7,7,7,7,0
AI_0007,2,2,2,2,0
AI_0008,4,4,4,4,0
AI_0009,6,6,6,6,0
AI_0010,7,7,7,7,0
AI_0011,4,4,4,4,0
AI_0012,6,6,6,6,0
AI_0013,5,5,5,5,0
AI_0014,4,4,4,4,0
AI_0015,3,3,3,3,0
AI_0016,5,5,5,5,0
AI_0017,5,5,5,5,0
AI_0018,3,3,3,3,0
AI_0019,2,2,2,2,0
AI_0020,2,2,2,2,0
AI_0021,2,2,2,2,0
AI_0022,5,5,5,5,0
AI_0023,6,6,6,6,0
AI_0024,5,5,5,5,0
AI_0025,8,8,8,8,0
AI_0026,2,2,2,2,0
AI_0027,3,3,3,3,0
AI_0028,4,4,4,4,0
AI_0029,3,3,3,3,0
AI_0030,4,4,4,4,0
AI_0031,4,4,4,4,0
AI_0032,1,1,1,1,0
AI_0033,1,1,1,1,0
AI_0034,5,5,5,5,0
AI_0035,3,3,3,3,0
AI_0036,1,1,1,1,0
AI_0037,2,2,2,2,0
AI_0038,2,2,2,2,0
AI_0039,1,1,1,1,0
AI_0040,4,4,4,4,0
AI_0041,6,6,6,6,0
AI_0042,5,5,5,5,0
AI_0043,5,5,5,5,0
AI_0044,6,6,6,6,0
AI_0045,6,6,6,6,0
AI_0046,4,4,4,4,0
AI_0047,3,3,3,3,0
AI_0048,2,2,2,2,0
AI_0049,4,4,4,4,0
AI_0050,2,2,2,2,0
AI_0051,6,6,6,6,0
AI_0052,6,6,6,6,0
AI_0053,2,2,2,2,0
AI_0054,2,2,2,2,0
AI_0055,2,2,2,2,0
AI_0056,4,4,4,4,0
AI_0057,4,4,4,4,0
AI_0058,2,2,2,2,0
AI_0059,5,5,5,5,0
AI_0060,4,4,4,4,0
AI_0061,4,4,4,4,0
AI_0062,3,3,3,3,0
AI_0063,4,4,4,4,0
AI_0064,2,2,2,2,0
AI_0065,3,3,3,3,0
AI_0066,2,2,2,2,0
AI_0067,3,3,3,3,0
AI_0068,7,7,7,7,0
AI_0069,3,3,3,3,0
AI_0070,4,4,4,4,0
AI_0071,2,2,2,2,0
AI_0072,4,4,4,4,0
AI_0073,2,2,2,2,0
AI_0074,2,2,2,2,0
AI_0075,3,3,3,3,0
AI_0076,8,8,8,8,0
AI_0077,5,5,5,5,0
AI_0078,5,5,5,5,0
AI_0079,5,5,5,5,0
AI_0080,5,5,5,5,0
AI_0081,3,3,3,3,0
AI_0082,3,3,3,3,0
AI_0083,5,5,5,5,0
AI_0084,1,1,1,1,0
AI_0085,6,6,6,6,0
AI_0086,4,4,4,4,0
AI_0087,6,6,6,6,0
AI_0088,8,8,8,8,0
AI_0089,8,8,8,8,0
AI_0090,1,1,1,1,0
AI_0091,3,3,3,3,0
AI_0092,7,7,7,7,0
AI_0093,3,3,3,3,0
AI_0094,5,5,5,5,0
BO_0001,4,4,4,4,0
BO_0002,7,7,7,7,0
BO_0003,5,5,5,5,0
BO_0004,5,5,5,5,0
BO_0005,3,3,3,3,0
BO_0006,6,6,6,6,0
BO_0007,5,5,5,5,0
BO_0008,3,3,3,3,0
BO_0009,3,3,3,3,0
BO_0010,2,2,2,2,0
BO_0011,2,2,2,2,0
BO_0012,5,5,5,5,0
BO_0013,2,2,2,2,0
BO_0014,8,8,8,8,0
BO_0015,1,1,1,1,0
BO_0016,1,1,1,1,0
BO_0017,5,5,5,5,0
BO_0018,5,5,5,5,0
BO_0019,3,3,3,3,0
BO_0020,6,6,6,6,0
BO_0021,3,3,3,3,0
BO_0022,6,6,6,6,0
BO_0023,3,3,3,3,0
BO_0024,2,2,2,2,0
BO_0025,3,3,3,3,0
BO_0026,5,5,5,5,0
BO_0027,4,4,4,4,0
BO_0028,6,6,6,6,0
BO_0029,3,3,3,3,0
BO_0030,2,2,2,2,0
BO_0031,1,1,1,1,0
BO_0032,4,4,4,4,0
BO_0033,5,5,5,5,0
BO_0034,3,3,3,3,0
BO_0035,5,5,5,5,0
BO_0036,5,5,5,5,0
BO_0037,3,3,3,3,0
BO_0038,3,3,3,3,0
BO_0039,1,1,1,1,0
BO_0040,4,4,4,4,0
BO_0041,3,3,3,3,0
BO_0042,3,3,3,3,0
BO_0043,1,1,1,1,0
BO_0044,5,5,5,5,0
BO_0045,3,3,3,3,0
BO_0046,3,3,3,3,0
BO_0047,1,1,1,1,0
BO_0048,7,7,7,7,0
BO_0049,4,4,4,4,0
BO_0050,1,1,1,1,0
BO_0051,4,4,4,4,0
BO_0052,5,5,5,5,0
BO_0053,5,5,5,5,0
BO_0054,5,5,5,5,0
BO_0055,5,5,5,5,0
BO_0056,2,2,2,2,0
BO_0057,3,3,3,3,0
BO_0058,2,2,2,2,0
BO_0059,4,4,4,4,0
BO_0060,5,5,5,5,0
BO_0061,5,5,5,5,0
BO_0062,7,7,7,7,0
BO_0063,3,3,3,3,0
BO_0064,1,1,1,1,0
BO_0065,7,7,7,7,0
BO_0066,3,3,3,3,0
BO_0067,6,6,6,6,0
BO_0068,3,3,3,3,0
BO_0069,4,4,4,4,0
BO_0070,5,5,5,5,0
BO_0071,3,3,3,3,0
BO_0072,4,4,4,4,0
BO_0073,4,4,4,4,0
BO_0074,3,3,3,3,0
BO_0075,2,2,2,2,0
BO_0076,2,2,2,2,0
BO_0077,5,5,5,5,0
BO_0078,2,2,2,2,0
BO_0079,1,1,1,1,0
BO_0080,2,2,2,2,0
BO_0081,8,8,8,8,0
BO_0082,1,1,1,1,0
BO_0083,4,4,4,4,0
BO_0084,4,4,4,4,0
BO_0085,4,4,4,4,0
BO_0086,7,7,7,7,0
BO_0087,2,2,2,2,0
BR_0001,1,1,1,1,0
BR_0002,7,7,7,7,0
BR_0003,6,6,6,6,0
BR_0004,1,1,1,1,0
BR_0005,2,2,2,2,0
BR_0006,7,7,7,7,0
BR_0007,1,1,1,1,0
BR_0008,3,3,3,3,0
BR_0009,8,8,8,8,0
BR_0010,4,4,4,4,0
BR_0011,5,5,5,5,0
BR_0012,5,5,5,5,0
BR_0013,2,2,2,2,0
BR_0014,2,2,2,2,0
BR_0015,6,6,6,6,0
BR_0016,5,5,5,5,0
BR_0017,3,3,3,3,0
BR_0018,6,6,6,6,0
BR_0019,2,2,2,2,0
BR_0020,5,5,5,5,0
BR_0021,7,7,7,7,0
BR_0022,3,3,3,3,0
BR_0023,4,4,4,4,0
BR_0024,3,3,3,3,0
BR_0025,3,3,3,3,0
BR_0026,6,6,6,6,0
BR_0027,6,6,6,6,0
BR_0028,3,3,3,3,0
BR_0029,5,5,5,5,0
BR_0030,6,6,6,6,0
BR_0031,7,7,7,7,0
BR_0032,8,8,8,8,0
BR_0033,7,7,7,7,0
BR_0034,8,8,8,8,0
BR_0035,7,7,7,7,0
BR_0036,1,1,1,1,0
BR_0037,8,8,8,8,0
BR_0038,2,2,2,2,0
BR_0039,2,2,2,2,0
BR_0040,5,5,5,5,0
BR_0041,5,5,5,5,0
BR_0042,8,8,8,8,0
BR_0043,3,3,3,3,0
BR_0044,1,1,1,1,0
BR_0045,4,4,4,4,0
BR_0046,6,6,6,6,0
BR_0047,4,4,4,4,0
BR_0048,8,8,8,8,0
BR_0049,6,6,6,6,0
BR_0050,6,6,6,6,0
BR_0051,7,7,7,7,0
BR_0052,3,3,3,3,0
BR_0053,3,3,3,3,0
BR_0054,5,5,5,5,0
BR_0055,8,8,8,8,0
BR_0056,6,6,6,6,0
BR_0057,8,8,8,8,0
BR_0058,3,3,3,3,0
BR_0059,7,7,7,7,0
BR_0060,6,6,6,6,0
BR_0061,3,3,3,3,0
BR_0062,6,6,6,6,0
BR_0063,2,2,2,2,0
BR_0064,2,2,2,2,0
BR_0065,3,3,3,3,0
BR_0066,7,7,7,7,0
BR_0067,1,1,1,1,0
BR_0068,7,7,7,7,0
BR_0069,7,7,7,7,0
BR_0070,4,4,4,4,0
BR_0071,8,8,8,8,0
BR_0072,3,3,3,3,0
BR_0073,7,7,7,7,0
BR_0074,7,7,7,7,0
BR_0075,6,6,6,6,0
BR_0076,3,3,3,3,0
BR_0077,3,3,3,3,0
BR_0078,3,3,3,3,0
BR_0079,5,5,5,5,0
BR_0080,6,6,6,6,0
BR_0081,7,7,7,7,0
BR_0082,8,8,8,8,0
BR_0083,2,2,2,2,0
BR_0084,2,2,2,2,0
CA_0001,2,2,2,2,0
CA_0002,2,2,2,2,0
CA_0003,3,3,3,3,0
CA_0004,3,3,3,3,0
CA_0005,5,5,5,5,0
CA_0006,4,4,4,4,0
CA_0007,4,4,4,4,0
CA_0008,6,6,6,6,0
CA_0009,1,1,1,1,0
CA_0010,4,4,4,4,0
CA_0011,3,3,3,3,0
CA_0012,3,3,3,3,0
CA_0013,4,4,4,4,0
CA_0014,5,5,5,5,0
CA_0015,4,4,4,4,0
CA_0016,2,2,2,2,0
CA_0017,2,2,2,2,0
CA_0018,8,8,8,8,0
CA_0019,4,4,4,4,0
CA_0020,8,8,8,8,0
CA_0021,2,2,2,2,0
CA_0022,6,6,6,6,0
CA_0023,3,3,3,3,0
CA_0024,2,2,2,2,0
CA_0025,5,5,5,5,0
CA_0026,1,1,1,1,0
CA_0027,2,2,2,2,0
CA_0028,3,3,3,3,0
CA_0029,1,1,1,1,0
CA_0030,4,4,4,4,0
CA_0031,3,3,3,3,0
CA_0032,2,2,2,2,0
CA_0033,1,1,1,1,0
CA_0034,4,4,4,4,0
CA_0035,3,3,3,3,0
CA_0036,4,4,4,4,0
CA_0037,4,4,4,4,0
CA_0038,3,3,3,3,0
CA_0039,4,4,4,4,0
CA_0040,3,3,3,3,0
CA_0041,2,2,2,2,0
CA_0042,7,7,7,7,0
CA_0043,7,7,7,7,0
CA_0044,5,5,5,5,0
CA_0045,1,1,1,1,0
CA_0046,8,8,8,8,0
CA_0047,3,3,3,3,0
CA_0048,3,3,3,3,0
CA_0049,7,7,7,7,0
CA_0050,4,4,4,4,0
CA_0051,3,3,3,3,0
CA_0052,3,3,3,3,0
CA_0053,3,3,3,3,0
CA_0054,3,3,3,3,0
CA_0055,1,1,1,1,0
CA_0056,4,4,4,4,0
CA_0057,6,6,6,6,0
CA_0058,1,1,1,1,0
CA_0059,8,8,8,8,0
CA_0060,4,4,4,4,0
CA_0061,7,7,7,7,0
CA_0062,3,3,3,3,0
CA_0063,2,2,2,2,0
CA_0064,3,3,3,3,0
CA_0065,8,8,8,8,0
CA_0066,4,4,4,4,0
CA_0067,3,3,3,3,0
CA_0068,3,3,3,3,0
CA_0069,3,3,3,3,0
CA_0070,8,8,8,8,0
CA_0071,2,2,2,2,0
CA_0072,4,4,4,4,0
CA_0073,4,4,4,4,0
CA_0074,6,6,6,6,0
CA_0075,8,8,8,8,0
CA_0076,2,2,2,2,0
CA_0077,4,4,4,4,0
CA_0078,5,5,5,5,0
CA_0079,8,8,8,8,0
CA_0080,2,2,2,2,0
CA_0081,8,8,8,8,0
CA_0082,4,4,4,4,0
CA_0083,6,6,6,6,0
CA_0084,7,7,7,7,0
CA_0085,2,2,2,2,0
CA_0086,6,6,6,6,0
CA_0087,3,3,3,3,0
DH_0001,1,1,1,1,0
DH_0002,3,3,3,3,0
DH_0003,1,1,1,1,0
DH_0004,3,3,3,3,0
DH_0005,4,4,4,4,0
DH_0006,1,1,1,1,0
DH_0007,1,1,1,1,0
DH_0008,3,3,3,3,0
DH_0009,2,2,2,2,0
DH_0010,3,3,3,3,0
DH_0011,3,3,3,3,0
DH_0012,1,1,1,1,0
DH_0013,4,4,4,4,0
DH_0014,3,3,3,3,0
DH_0015,3,3,3,3,0
DH_0016,3,3,3,3,0
DH_0017,2,2,2,2,0
DH_0018,2,2,2,2,0
DH_0019,2,2,2,2,0
DH_0020,8,8,8,8,0
DH_0021,6,6,6,6,0
DH_0022,4,4,4,4,0
DH_0023,3,3,3,3,0
DH_0024,4,4,4,4,0
DH_0025,4,4,4,4,0
DH_0026,5,5,5,5,0
DH_0027,4,4,4,4,0
DH_0028,5,5,5,5,0
DH_0029,8,8,8,8,0
DH_0030,3,3,3,3,0
DH_0031,1,1,1,1,0
DH_0032,3,3,3,3,0
DH_0033,4,4,4,4,0
DH_0034,1,1,1,1,0
DH_0035,6,6,6,6,0
DH_0036,2,2,2,2,0
DH_0037,6,6,6,6,0
DH_0038,1,1,1,1,0
DH_0039,4,4,4,4,0
DH_0040,4,4,4,4,0
DH_0041,1,1,1,1,0
DH_0042,1,1,1,1,0
DH_0043,3,3,3,3,0
DH_0044,4,4,4,4,0
DH_0045,3,3,3,3,0
DH_0046,3,3,3,3,0
DH_0047,1,1,1,1,0
DH_0048,3,3,3,3,0
DH_0049,8,8,8,8,0
DH_0050,2,2,2,2,0
DH_0051,3,3,3,3,0
DH_0052,1,1,1,1,0
DH_0053,1,1,1,1,0
DH_0054,1,1,1,1,0
DH_0055,1,1,1,1,0
DH_0056,1,1,1,1,0
DH_0057,8,8,8,8,0
DH_0058,4,4,4,4,0
DH_0059,4,4,4,4,0
DH_0060,4,4,4,4,0
DH_0061,7,7,7,7,0
DH_0062,2,2,2,2,0
DH_0063,8,8,8,8,0
DH_0064,3,3,3,3,0
DH_0065,8,8,8,8,0
DH_0066,3,3,3,3,0
DH_0067,1,1,1,1,0
DH_0068,4,4,4,4,0
DH_0069,6,6,6,6,0
DH_0070,8,8,8,8,0
DH_0071,2,2,2,2,0
DH_0072,1,1,1,1,0
DH_0073,3,3,3,3,0
DH_0074,6,6,6,6,0
DH_0075,4,4,4,4,0
DH_0076,5,5,5,5,0
DH_0077,4,4,4,4,0
DH_0078,8,8,8,8,0
DH_0079,2,2,2,2,0
DH_0080,5,5,5,5,0
DH_0081,1,1,1,1,0
DH_0082,3,3,3,3,0
DH_0083,2,2,2,2,0
DH_0084,1,1,1,1,0
DH_0085,2,2,2,2,0
DH_0086,7,7,7,7,0
DH_0087,1,1,1,1,0
DM_0001,2,2,2,2,0
DM_0002,1,1,1,1,0
DM_0003,6,6,6,6,0
DM_0004,4,4,4,4,0
DM_0005,8,8,8,8,0
DM_0006,6,6,6,6,0
DM_0007,3,3,3,3,0
DM_0008,5,5,5,5,0
DM_0009,4,4,4,4,0
DM_0010,1,1,1,1,0
DM_0011,5,5,5,5,0
DM_0012,4,4,4,4,0
DM_0013,6,6,6,6,0
DM_0014,1,1,1,1,0
DM_0015,2,2,2,2,0
DM_0016,3,3,3,3,0
DM_0017,5,5,5,5,0
DM_0018,7,7,7,7,0
DM_0019,8,8,8,8,0
DM_0020,8,8,8,8,0
DM_0021,3,3,3,3,0
DM_0022,8,8,8,8,0
DM_0023,4,4,4,4,0
DM_0024,6,6,6,6,0
DM_0025,6,6,6,6,0
DM_0026,1,1,1,1,0
DM_0027,2,2,2,2,0
DM_0028,7,7,7,7,0
DM_0029,7,7,7,7,0
DM_0030,2,2,2,2,0
DM_0031,7,7,7,7,0
DM_0032,8,8,8,8,0
DM_0033,3,3,3,3,0
DM_0034,4,4,4,4,0
DM_0035,4,4,4,4,0
DM_0036,3,3,3,3,0
DM_0037,1,1,1,1,0
DM_0038,4,4,4,4,0
DM_0039,4,4,4,4,0
DM_0040,2,2,2,2,0
DM_0041,4,4,4,4,0
DM_0042,7,7,7,7,0
DM_0043,3,3,3,3,0
DM_0044,4,4,4,4,0
DM_0045,7,7,7,7,0
DM_0046,4,4,4,4,0
DM_0047,2,2,2,2,0
DM_0048,3,3,3,3,0
DM_0049,6,6,6,6,0
DM_0050,6,6,6,6,0
DM_0051,1,1,1,1,0
DM_0052,5,5,5,5,0
DM_0053,1,1,1,1,0
DM_0054,3,3,3,3,0
DM_0055,3,3,3,3,0
DM_0056,3,3,3,3,0
DM_0057,6,6,6,6,0
DM_0058,4,4,4,4,0
DM_0059,3,3,3,3,0
DM_0060,4,4,4,4,0
DM_0061,3,3,3,3,0
DM_0062,6,6,6,6,0
DM_0063,4,4,4,4,0
DM_0064,4,4,4,4,0
DM_0065,4,4,4,4,0
DM_0066,4,4,4,4,0
DM_0067,2,2,2,2,0
DM_0068,2,2,2,2,0
DM_0069,1,1,1,1,0
DM_0070,1,1,1,1,0
DM_0071,6,6,6,6,0
DM_0072,5,5,5,5,0
DM_0073,3,3,3,3,0
DM_0074,6,6,6,6,0
DM_0075,6,6,6,6,0
DM_0076,1,1,1,1,0
DM_0077,3,3,3,3,0
DM_0078,6,6,6,6,0
DM_0079,5,5,5,5,0
DM_0080,4,4,4,4,0
DM_0081,5,5,5,5,0
DM_0082,6,6,6,6,0
DM_0083,1,1,1,1,0
DM_0084,4,4,4,4,0
DM_0085,8,8,8,8,0
DM_0086,1,1,1,1,0
DM_0087,6,6,6,6,0
DM_0088,6,6,6,6,0
DM_0089,8,8,8,8,0
DM_0090,2,2,2,2,0
DM_0091,6,6,6,6,0
DM_0092,6,6,6,6,0
EX_0001,4,4,4,4,0
EX_0002,4,4,4,4,0
EX_0003,3,3,3,3,0
EX_0004,5,5,5,5,0
EX_0005,3,3,3,3,0
EX_0006,5,5,5,5,0
EX_0007,7,7,7,7,0
EX_0008,5,5,5,5,0
EX_0009,6,6,6,6,0
EX_0010,2,2,2,2,0
EX_0011,2,2,2,2,0
EX_0012,4,4,4,4,0
EX_0013,5,5,5,5,0
EX_0014,5,5,5,5,0
EX_0015,6,6,6,6,0
EX_0016,8,8,8,8,0
EX_0017,6,6,6,6,0
EX_0018,3,3,3,3,0
EX_0019,6,6,6,6,0
EX_0020,6,6,6,6,0
EX_0021,5,5,5,5,0
EX_0022,8,8,8,8,0
EX_0023,3,3,3,3,0
EX_0024,5,5,5,5,0
EX_0025,6,6,6,6,0
EX_0026,7,7,7,7,0
EX_0027,4,4,4,4,0
EX_0028,5,5,5,5,0
EX_0029,5,5,5,5,0
EX_0030,4,4,4,4,0
EX_0031,5,5,5,5,0
EX_0032,1,1,1,1,0
EX_0033,1,1,1,1,0
EX_0034,3,3,3,3,0
EX_0035,2,2,2,2,0
EX_0036,3,3,3,3,0
EX_0037,8,8,8,8,0
EX_0038,3,3,3,3,0
EX_0039,7,7,7,7,0
EX_0040,3,3,3,3,0
EX_0041,3,3,3,3,0
EX_0042,6,6,6,6,0
EX_0043,4,4,4,4,0
EX_0044,3,3,3,3,0
EX_0045,6,6,6,6,0
EX_0046,1,1,1,1,0
EX_0047,6,6,6,6,0
EX_0048,5,5,5,5,0
EX_0049,1,1,1,1,0
EX_0050,8,8,8,8,0
EX_0051,5,5,5,5,0
EX_0052,6,6,6,6,0
EX_0053,4,4,4,4,0
EX_0054,2,2,2,2,0
EX_0055,6,6,6,6,0
EX_0056,8,8,8,8,0
EX_0057,2,2,2,2,0
EX_0058,4,4,4,4,0
EX_0059,3,3,3,3,0
EX_0060,4,4,4,4,0
EX_0061,4,4,4,4,0
EX_0062,1,1,1,1,0
EX_0063,3,3,3,3,0
EX_0064,6,6,6,6,0
EX_0065,6,6,6,6,0
EX_0066,4,4,4,4,0
EX_0067,4,4,4,4,0
EX_0068,2,2,2,2,0
EX_0069,2,2,2,2,0
EX_0070,4,4,4,4,0
EX_0071,5,5,5,5,0
EX_0072,5,5,5,5,0
EX_0073,4,4,4,4,0
EX_0074,3,3,3,3,0
EX_0075,4,4,4,4,0
EX_0076,8,8,8,8,0
EX_0077,2,2,2,2,0
EX_0078,5,5,5,5,0
EX_0079,4,4,4,4,0
EX_0080,4,4,4,4,0
EX_0081,4,4,4,4,0
EX_0082,4,4,4,4,0
EX_0083,3,3,3,3,0
EX_0084,6,6,6,6,0
EX_0085,5,5,5,5,0
EX_0086,7,7,7,7,0
EX_0087,7,7,7,7,0
GA_0001,2,2,2,2,0
GA_0002,2,2,2,2,0
GA_0003,7,7,7,7,0
GA_0004,2,2,2,2,0
GA_0005,7,7,7,7,0
GA_0006,4,4,4,4,0
GA_0007,4,4,4,4,0
GA_0008,5,5,5,5,0
GA_0009,3,3,3,3,0
GA_0010,3,3,3,3,0
GA_0011,8,8,8,8,0
GA_0012,8,8,8,8,0
GA_0013,4,4,4,4,0
GA_0014,5,5,5,5,0
GA_0015,4,4,4,4,0
GA_0016,6,6,6,6,0
GA_0017,7,7,7,7,0
GA_0018,5,5,5,5,0
GA_0019,6,6,6,6,0
GA_0020,2,2,2,2,0
GA_0021,6,6,6,6,0
GA_0022,8,8,8,8,0
GA_0023,6,6,6,6,0
GA_0024,3,3,3,3,0
GA_0025,7,7,7,7,0
GA_0026,6,6,6,6,0
GA_0027,1,1,1,1,0
GA_0028,4,4,4,4,0
GA_0029,2,2,2,2,0
GA_0030,2,2,2,2,0
GA_0031,2,2,2,2,0
GA_0032,6,6,6,6,0
GA_0033,5,5,5,5,0
GA_0034,6,6,6,6,0
GA_0035,8,8,8,8,0
GA_0036,5,5,5,5,0
GA_0037,4,4,4,4,0
GA_0038,4,4,4,4,0
GA_0039,8,8,8,8,0
GA_0040,8,8,8,8,0
GA_0041,2,2,2,2,0
GA_0042,5,5,5,5,0
GA_0043,6,6,6,6,0
GA_0044,5,5,5,5,0
GA_0045,3,3,3,3,0
GA_0046,3,3,3,3,0
GA_0047,3,3,3,3,0
GA_0048,4,4,4,4,0
GA_0049,4,4,4,4,0
GA_0050,2,2,2,2,0
GA_0051,3,3,3,3,0
GA_0052,3,3,3,3,0
GA_0053,5,5,5,5,0
GA_0054,1,1,1,1,0
GA_0055,4,4,4,4,0
GA_0056,3,3,3,3,0
GA_0057,7,7,7,7,0
GA_0058,4,4,4,4,0
GA_0059,3,3,3,3,0
GA_0060,1,1,1,1,0
GA_0061,5,5,5,5,0
GA_0062,8,8,8,8,0
GA_0063,5,5,5,5,0
GA_0064,5,5,5,5,0
GA_0065,8,8,8,8,0
GA_0066,7,7,7,7,0
GA_0067,6,6,6,6,0
GA_0068,6,6,6,6,0
GA_0069,5,5,5,5,0
GA_0070,4,4,4,4,0
GA_0071,4,4,4,4,0
GA_0072,5,5,5,5,0
GA_0073,8,8,8,8,0
GA_0074,8,8,8,8,0
GA_0075,6,6,6,6,0
GA_0076,3,3,3,3,0
GA_0077,7,7,7,7,0
GA_0078,7,7,7,7,0
GA_0079,6,6,6,6,0
GA_0080,6,6,6,6,0
GA_0081,4,4,4,4,0
GE_0001,6,6,6,6,0
GE_0002,3,3,3,3,0
GE_0003,7,7,7,7,0
GE_0004,3,3,3,3,0
GE_0005,5,5,5,5,0
GE_0006,8,8,8,8,0
GE_0007,2,2,2,2,0
GE_0008,8,8,8,8,0
GE_0009,3,3,3,3,0
GE_0010,4,4,4,4,0
GE_0011,2,2,2,2,0
GE_0012,3,3,3,3,0
GE_0013,7,7,7,7,0
GE_0014,8,8,8,8,0
GE_0015,4,4,4,4,0
GE_0016,8,8,8,8,0
GE_0017,5,5,5,5,0
GE_0018,6,6,6,6,0
GE_0019,8,8,8,8,0
GE_0020,3,3,3,3,0
GE_0021,2,2,2,2,0
GE_0022,2,2,2,2,0
GE_0023,3,3,3,3,0
GE_0024,4,4,4,4,0
GE_0025,8,8,8,8,0
GE_0026,6,6,6,6,0
GE_0027,3,3,3,3,0
GE_0028,2,2,2,2,0
GE_0029,6,6,6,6,0
GE_0030,2,2,2,2,0
GE_0031,3,3,3,3,0
GE_0032,1,1,1,1,0
GE_0033,1,1,1,1,0
GE_0034,1,1,1,1,0
GE_0035,3,3,3,3,0
GE_0036,3,3,3,3,0
GE_0037,7,7,7,7,0
GE_0038,2,2,2,2,0
GE_0039,4,4,4,4,0
GE_0040,1,1,1,1,0
GE_0041,5,5,5,5,0
GE_0042,8,8,8,8,0
GE_0043,3,3,3,3,0
GE_0044,6,6,6,6,0
GE_0045,2,2,2,2,0
GE_0046,2,2,2,2,0
GE_0047,3,3,3,3,0
GE_0048,7,7,7,7,0
GE_0049,4,4,4,4,0
GE_0050,2,2,2,2,0
GE_0051,2,2,2,2,0
GE_0052,2,2,2,2,0
GE_0053,7,7,7,7,0
GE_0054,4,4,4,4,0
GE_0055,5,5,5,5,0
GE_0056,3,3,3,3,0
GE_0057,3,3,3,3,0
GE_0058,3,3,3,3,0
GE_0059,3,3,3,3,0
GE_0060,3,3,3,3,0
GE_0061,2,2,2,2,0
GE_0062,4,4,4,4,0
GE_0063,5,5,5,5,0
GE_0064,2,2,2,2,0
GE_0065,3,3,3,3,0
GE_0066,4,4,4,4,0
GE_0067,7,7,7,7,0
GE_0068,3,3,3,3,0
GE_0069,2,2,2,2,0
GE_0070,5,5,5,5,0
GE_0071,4,4,4,4,0
GE_0072,4,4,4,4,0
GE_0073,3,3,3,3,0
GE_0074,3,3,3,3,0
GE_0075,2,2,2,2,0
GE_0076,5,5,5,5,0
GE_0077,4,4,4,4,0
GE_0078,2,2,2,2,0
GE_0079,4,4,4,4,0
GE_0080,2,2,2,2,0
GE_0081,5,5,5,5,0
GE_0082,4,4,4,4,0
GE_0083,5,5,5,5,0
GE_0084,3,3,3,3,0
GE_0085,4,4,4,4,0
GE_0086,5,5,5,5,0
GE_0087,7,7,7,7,0
GE_0088,1,1,1,1,0
GE_0089,1,1,1,1,0
GE_0090,3,3,3,3,0
GE_0091,2,2,2,2,0
GE_0092,8,8,8,8,0
GE_0093,2,2,2,2,0
GE_0094,6,6,6,6,0
GE_0095,3,3,3,3,0
GE_0096,8,8,8,8,0
GE_0097,7,7,7,7,0
GE_0098,7,7,7,7,0
GE_0099,3,3,3,3,0
GO_0001,5,5,5,5,0
GO_0002,3,3,3,3,0
GO_0003,4,4,4,4,0
GO_0004,4,4,4,4,0
GO_0005,4,4,4,4,0
GO_0006,5,5,5,5,0
GO_0007,3,3,3,3,0
GO_0008,4,4,4,4,0
GO_0009,3,3,3,3,0
GO_0010,3,3,3,3,0
GO_0011,7,7,7,7,0
GO_0012,4,4,4,4,0
GO_0013,4,4,4,4,0
GO_0014,4,4,4,4,0
GO_0015,4,4,4,4,0
GO_0016,5,5,5,5,0
GO_0017,6,6,6,6,0
GO_0018,4,4,4,4,0
GO_0019,1,1,1,1,0
GO_0020,4,4,4,4,0
GO_0021,1,1,1,1,0
GO_0022,3,3,3,3,0
GO_0023,2,2,2,2,0
GO_0024,3,3,3,3,0
GO_0025,4,4,4,4,0
GO_0026,4,4,4,4,0
GO_0027,8,8,8,8,0
GO_0028,4,4,4,4,0
GO_0029,5,5,5,5,0
GO_0030,4,4,4,4,0
GO_0031,3,3,3,3,0
GO_0032,4,4,4,4,0
GO_0033,4,4,4,4,0
GO_0034,8,8,8,8,0
GO_0035,2,2,2,2,0
GO_0036,3,3,3,3,0
GO_0037,2,2,2,2,0
GO_0038,2,2,2,2,0
GO_0039,3,3,3,3,0
GO_0040,5,5,5,5,0
GO_0041,4,4,4,4,0
GO_0042,2,2,2,2,0
GO_0043,4,4,4,4,0
GO_0044,3,3,3,3,0
GO_0045,5,5,5,5,0
GO_0046,3,3,3,3,0
GO_0047,3,3,3,3,0
GO_0048,1,1,1,1,0
GO_0049,1,1,1,1,0
GO_0050,6,6,6,6,0
GO_0051,3,3,3,3,0
GO_0052,6,6,6,6,0
GO_0053,4,4,4,4,0
GO_0054,2,2,2,2,0
GO_0055,3,3,3,3,0
GO_0056,1,1,1,1,0
GO_0057,1,1,1,1,0
GO_0058,4,4,4,4,0
GO_0059,8,8,8,8,0
GO_0060,8,8,8,8,0
GO_0061,5,5,5,5,0
GO_0062,3,3,3,3,0
GO_0063,3,3,3,3,0
GO_0064,4,4,4,4,0
GO_0065,4,4,4,4,0
GO_0066,4,4,4,4,0
GO_0067,6,6,6,6,0
GO_0068,3,3,3,3,0
GO_0069,5,5,5,5,0
GO_0070,3,3,3,3,0
GO_0071,2,2,2,2,0
GO_0072,6,6,6,6,0
GO_0073,2,2,2,2,0
GO_0074,1,1,1,1,0
GO_0075,2,2,2,2,0
GO_0076,3,3,3,3,0
GO_0077,3,3,3,3,0
GO_0078,6,6,6,6,0
GO_0079,6,6,6,6,0
GO_0080,8,8,8,8,0
GO_0081,6,6,6,6,0
GO_0082,4,4,4,4,0
GO_0083,1,1,1,1,0
GO_0084,1,1,1,1,0
GO_0085,3,3,3,3,0
GO_0086,2,2,2,2,0
GO_0087,5,5,5,5,0
GO_0088,7,7,7,7,0
GO_0089,4,4,4,4,0
GO_0090,4,4,4,4,0
GO_0091,5,5,5,5,0
HY_0001,4,4,4,4,0
HY_0002,1,1,1,1,0
HY_0003,4,4,4,4,0
HY_0004,8,8,8,8,0
HY_0005,4,4,4,4,0
HY_0006,3,3,3,3,0
HY_0007,3,3,3,3,0
HY_0008,6,6,6,6,0
HY_0009,7,7,7,7,0
HY_0010,2,2,2,2,0
HY_0011,8,8,8,8,0
HY_0012,6,6,6,6,0
HY_0013,3,3,3,3,0
HY_0014,7,7,7,7,0
HY_0015,7,7,7,7,0
HY_0016,7,7,7,7,0
HY_0017,5,5,5,5,0
HY_0018,1,1,1,1,0
HY_0019,7,7,7,7,0
HY_0020,1,1,1,1,0
HY_0021,4,4,4,4,0
HY_0022,8,8,8,8,0
HY_0023,8,8,8,8,0
HY_0024,4,4,4,4,0
HY_0025,7,7,7,7,0
HY_0026,4,4,4,4,0
HY_0027,1,1,1,1,0
HY_0028,7,7,7,7,0
HY_0029,4,4,4,4,0
HY_0030,2,2,2,2,0
HY_0031,4,4,4,4,0
HY_0032,3,3,3,3,0
HY_0033,4,4,4,4,0
HY_0034,7,7,7,7,0
HY_0035,8,8,8,8,0
HY_0036,1,1,1,1,0
HY_0037,2,2,2,2,0
HY_0038,5,5,5,5,0
HY_0039,3,3,3,3,0
HY_0040,8,8,8,8,0
HY_0041,5,5,5,5,0
HY_0042,3,3,3,3,0
HY_0043,1,1,1,1,0
HY_0044,3,3,3,3,0
HY_0045,1,1,1,1,0
HY_0046,1,1,1,1,0
HY_0047,2,2,2,2,0
HY_0048,3,3,3,3,0
HY_0049,6,6,6,6,0
HY_0050,7,7,7,7,0
HY_0051,1,1,1,1,0
HY_0052,2,2,2,2,0
HY_0053,5,5,5,5,0
HY_0054,2,2,2,2,0
HY_0055,6,6,6,6,0
HY_0056,2,2,2,2,0
HY_0057,5,5,5,5,0
HY_0058,2,2,2,2,0
HY_0059,8,8,8,8,0
HY_0060,7,7,7,7,0
HY_0061,1,1,1,1,0
HY_0062,1,1,1,1,0
HY_0063,5,5,5,5,0
HY_0064,8,8,8,8,0
HY_0065,1,1,1,1,0
HY_0066,8,8,8,8,0
HY_0067,3,3,3,3,0
HY_0068,1,1,1,1,0
HY_0069,2,2,2,2,0
HY_0070,6,6,6,6,0
HY_0071,3,3,3,3,0
HY_0072,8,8,8,8,0
HY_0073,7,7,7,7,0
HY_0074,3,3,3,3,0
HY_0075,1,1,1,1,0
HY_0076,3,3,3,3,0
HY_0077,3,3,3,3,0
HY_0078,8,8,8,8,0
HY_0079,3,3,3,3,0
HY_0080,4,4,4,4,0
HY_0081,4,4,4,4,0
HY_0082,3,3,3,3,0
HY_0083,8,8,8,8,0
HY_0084,2,2,2,2,0
HY_0085,6,6,6,6,0
HY_0086,5,5,5,5,0
HY_0087,3,3,3,3,0
HY_0088,7,7,7,7,0
HZ_0001,1,1,1,1,0
HZ_0002,1,1,1,1,0
HZ_0003,3,3,3,3,0
HZ_0004,1,1,1,1,0
HZ_0005,3,3,3,3,0
HZ_0006,3,3,3,3,0
HZ_0007,7,7,7,7,0
HZ_0008,2,2,2,2,0
HZ_0009,7,7,7,7,0
HZ_0010,3,3,3,3,0
HZ_0011,4,4,4,4,0
HZ_0012,2,2,2,2,0
HZ_0013,6,6,6,6,0
HZ_0014,1,1,1,1,0
HZ_0015,1,1,1,1,0
HZ_0016,1,1,1,1,0
HZ_0017,6,6,6,6,0
HZ_0018,4,4,4,4,0
HZ_0019,1,1,1,1,0
HZ_0020,2,2,2,2,0
HZ_0021,5,5,5,5,0
HZ_0022,1,1,1,1,0
HZ_0023,4,4,4,4,0
HZ_0024,2,2,2,2,0
HZ_0025,2,2,2,2,0
HZ_0026,4,4,4,4,0
HZ_0027,6,6,6,6,0
HZ_0028,4,4,4,4,0
HZ_0029,2,2,2,2,0
HZ_0030,1,1,1,1,0
HZ_0031,1,1,1,1,0
HZ_0032,1,1,1,1,0
HZ_0033,1,1,1,1,0
HZ_0034,1,1,1,1,0
HZ_0035,1,1,1,1,0
HZ_0036,2,2,2,2,0
HZ_0037,5,5,5,5,0
HZ_0038,2,2,2,2,0
HZ_0039,2,2,2,2,0
HZ_0040,3,3,3,3,0
HZ_0041,4,4,4,4,0
HZ_0042,2,2,2,2,0
HZ_0043,3,3,3,3,0
HZ_0044,2,2,2,2,0
HZ_0045,2,2,2,2,0
HZ_0046,1,1,1,1,0
HZ_0047,1,1,1,1,0
HZ_0048,5,5,5,5,0
HZ_0049,1,1,1,1,0
HZ_0050,4,4,4,4,0
HZ_0051,2,2,2,2,0
HZ_0052,1,1,1,1,0
HZ_0053,4,4,4,4,0
HZ_0054,1,1,1,1,0
HZ_0055,1,1,1,1,0
HZ_0056,1,1,1,1,0
HZ_0057,5,5,5,5,0
HZ_0058,2,2,2,2,0
HZ_0059,1,1,1,1,0
HZ_0060,4,4,4,4,0
HZ_0061,3,3,3,3,0
HZ_0062,2,2,2,2,0
HZ_0063,8,8,8,8,0
HZ_0064,1,1,1,1,0
HZ_0065,5,5,5,5,0
HZ_0066,1,1,1,1,0
HZ_0067,1,1,1,1,0
HZ_0068,1,1,1,1,0
HZ_0069,7,7,7,7,0
HZ_0070,1,1,1,1,0
HZ_0071,2,2,2,2,0
HZ_0072,3,3,3,3,0
HZ_0073,3,3,3,3,0
HZ_0074,1,1,1,1,0
HZ_0075,1,1,1,1,0
HZ_0076,5,5,5,5,0
HZ_0077,1,1,1,1,0
HZ_0078,2,2,2,2,0
HZ_0079,5,5,5,5,0
HZ_0080,2,2,2,2,0
HZ_0081,2,2,2,2,0
HZ_0082,5,5,5,5,0
HZ_0083,5,5,5,5,0
HZ_0084,2,2,2,2,0
HZ_0085,1,1,1,1,0
HZ_0086,3,3,3,3,0
HZ_0087,2,2,2,2,0
JC_0001,5,5,5,5,0
JC_0002,3,3,3,3,0
JC_0003,3,3,3,3,0
JC_0004,3,3,3,3,0
JC_0005,1,1,1,1,0
JC_0006,4,4,4,4,0
JC_0007,7,7,7,7,0
JC_0008,4,4,4,4,0
JC_0009,3,3,3,3,0
JC_0010,1,1,1,1,0
JC_0011,5,5,5,5,0
JC_0012,3,3,3,3,0
JC_0013,3,3,3,3,0
JC_0014,8,8,8,8,0
JC_0015,7,7,7,7,0
JC_0016,5,5,5,5,0
JC_0017,5,5,5,5,0
JC_0018,8,8,8,8,0
JC_0019,3,3,3,3,0
JC_0020,6,6,6,6,0
JC_0021,4,4,4,4,0
JC_0022,6,6,6,6,0
JC_0023,4,4,4,4,0
JC_0024,5,5,5,5,0
JC_0025,8,8,8,8,0
JC_0026,3,3,3,3,0
JC_0027,8,8,8,8,0
JC_0028,4,4,4,4,0
JC_0029,8,8,8,8,0
JC_0030,3,3,3,3,0
JC_0031,2,2,2,2,0
JC_0032,2,2,2,2,0
JC_0033,6,6,6,6,0
JC_0034,4,4,4,4,0
JC_0035,4,4,4,4,0
JC_0036,7,7,7,7,0
JC_0037,7,7,7,7,0
JC_0038,4,4,4,4,0
JC_0039,4,4,4,4,0
JC_0040,4,4,4,4,0
JC_0041,4,4,4,4,0
JC_0042,3,3,3,3,0
JC_0043,6,6,6,6,0
JC_0044,7,7,7,7,0
JC_0045,5,5,5,5,0
JC_0046,7,7,7,7,0
JC_0047,2,2,2,2,0
JC_0048,1,1,1,1,0
JC_0049,2,2,2,2,0
JC_0050,5,5,5,5,0
JC_0051,4,4,4,4,0
JC_0052,6,6,6,6,0
JC_0053,4,4,4,4,0
JC_0054,6,6,6,6,0
JC_0055,7,7,7,7,0
JC_0056,5,5,5,5,0
JC_0057,3,3,3,3,0
JC_0058,6,6,6,6,0
JC_0059,3,3,3,3,0
JC_0060,2,2,2,2,0
JC_0061,8,8,8,8,0
JC_0062,7,7,7,7,0
JC_0063,8,8,8,8,0
JC_0064,3,3,3,3,0
JC_0065,2,2,2,2,0
JC_0066,3,3,3,3,0
JC_0067,5,5,5,5,0
JC_0068,1,1,1,1,0
JC_0069,4,4,4,4,0
JC_0070,5,5,5,5,0
JC_0071,2,2,2,2,0
JC_0072,6,6,6,6,0
JC_0073,3,3,3,3,0
JC_0074,5,5,5,5,0
JC_0075,4,4,4,4,0
JC_0076,3,3,3,3,0
JC_0077,5,5,5,5,0
JC_0078,3,3,3,3,0
JC_0079,4,4,4,4,0
JC_0080,2,2,2,2,0
JC_0081,3,3,3,3,0
JC_0082,3,3,3,3,0
JC_0083,3,3,3,3,0
JC_0084,6,6,6,6,0
JC_0085,5,5,5,5,0
JC_0086,5,5,5,5,0
JC_0087,4,4,4,4,0
JC_0088,2,2,2,2,0
JC_0089,7,7,7,7,0
JC_0090,4,4,4,4,0
JC_0091,4,4,4,4,0
JC_0092,8,8,8,8,0
JC_0093,3,3,3,3,0
JC_0094,2,2,2,2,0
JC_0095,4,4,4,4,0
JF_0001,2,2,2,2,0
JF_0002,7,7,7,7,0
JF_0003,2,2,2,2,0
JF_0004,2,2,2,2,0
JF_0005,8,8,8,8,0
JF_0006,6,6,6,6,0
JF_0007,3,3,3,3,0
JF_0008,4,4,4,4,0
JF_0009,1,1,1,1,0
JF_0010,3,3,3,3,0
JF_0011,2,2,2,2,0
JF_0012,2,2,2,2,0
JF_0013,6,6,6,6,0
JF_0014,5,5,5,5,0
JF_0015,1,1,1,1,0
JF_0016,4,4,4,4,0
JF_0017,6,6,6,6,0
JF_0018,5,5,5,5,0
JF_0019,4,4,4,4,0
JF_0020,6,6,6,6,0
JF_0021,6,6,6,6,0
JF_0022,1,1,1,1,0
JF_0023,4,4,4,4,0
JF_0024,5,5,5,5,0
JF_0025,2,2,2,2,0
JF_0026,4,4,4,4,0
JF_0027,3,3,3,3,0
JF_0028,1,1,1,1,0
JF_0029,1,1,1,1,0
JF_0030,5,5,5,5,0
JF_0031,8,8,8,8,0
JF_0032,4,4,4,4,0
JF_0033,6,6,6,6,0
JF_0034,5,5,5,5,0
JF_0035,2,2,2,2,0
JF_0036,6,6,6,6,0
JF_0037,8,8,8,8,0
JF_0038,7,7,7,7,0
JF_0039,1,1,1,1,0
JF_0040,7,7,7,7,0
JF_0041,2,2,2,2,0
JF_0042,2,2,2,2,0
JF_0043,7,7,7,7,0
JF_0044,6,6,6,6,0
JF_0045,3,3,3,3,0
JF_0046,2,2,2,2,0
JF_0047,8,8,8,8,0
JF_0048,8,8,8,8,0
JF_0049,8,8,8,8,0
JF_0050,1,1,1,1,0
JF_0051,4,4,4,4,0
JF_0052,6,6,6,6,0
JF_0053,5,5,5,5,0
JF_0054,6,6,6,6,0
JF_0055,4,4,4,4,0
JF_0056,2,2,2,2,0
JF_0057,1,1,1,1,0
JF_0058,3,3,3,3,0
JF_0059,3,3,3,3,0
JF_0060,8,8,8,8,0
JF_0061,8,8,8,8,0
JF_0062,7,7,7,7,0
JF_0063,2,2,2,2,0
JF_0064,5,5,5,5,0
JF_0065,4,4,4,4,0
JF_0066,1,1,1,1,0
JF_0067,5,5,5,5,0
JF_0068,2,2,2,2,0
JF_0069,4,4,4,4,0
JF_0070,2,2,2,2,0
JF_0071,3,3,3,3,0
JF_0072,7,7,7,7,0
JF_0073,4,4,4,4,0
JF_0074,5,5,5,5,0
JF_0075,2,2,2,2,0
JF_0076,1,1,1,1,0
JF_0077,1,1,1,1,0
JF_0078,2,2,2,2,0
JF_0079,7,7,7,7,0
JF_0080,4,4,4,4,0
JF_0081,5,5,5,5,0
JF_0082,1,1,1,1,0
JF_0083,6,6,6,6,0
JF_0084,1,1,1,1,0
JF_0085,3,3,3,3,0
LA_0001,5,5,5,5,0
LA_0002,4,4,4,4,0
LA_0003,7,7,7,7,0
LA_0004,7,7,7,7,0
LA_0005,3,3,3,3,0
LA_0006,5,5,5,5,0
LA_0007,2,2,2,2,0
LA_0008,5,5,5,5,0
LA_0009,5,5,5,5,0
LA_0010,1,1,1,1,0
LA_0011,5,5,5,5,0
LA_0012,2,2,2,2,0
LA_0013,6,6,6,6,0
LA_0014,6,6,6,6,0
LA_0015,5,5,5,5,0
LA_0016,6,6,6,6,0
LA_0017,7,7,7,7,0
LA_0018,8,8,8,8,0
LA_0019,2,2,2,2,0
LA_0020,2,2,2,2,0
LA_0021,2,2,2,2,0
LA_0022,8,8,8,8,0
LA_0023,8,8,8,8,0
LA_0024,5,5,5,5,0
LA_0025,1,1,1,1,0
LA_0026,3,3,3,3,0
LA_0027,4,4,4,4,0
LA_0028,2,2,2,2,0
LA_0029,7,7,7,7,0
LA_0030,2,2,2,2,0
LA_0031,2,2,2,2,0
LA_0032,1,1,1,1,0
LA_0033,4,4,4,4,0
LA_0034,6,6,6,6,0
LA_0035,2,2,2,2,0
LA_0036,6,6,6,6,0
LA_0037,8,8,8,8,0
LA_0038,2,2,2,2,0
LA_0039,7,7,7,7,0
LA_0040,5,5,5,5,0
LA_0041,4,4,4,4,0
LA_0042,3,3,3,3,0
LA_0043,3,3,3,3,0
LA_0044,5,5,5,5,0
LA_0045,2,2,2,2,0
LA_0046,3,3,3,3,0
LA_0047,3,3,3,3,0
LA_0048,8,8,8,8,0
LA_0049,4,4,4,4,0
LA_0050,4,4,4,4,0
LA_0051,5,5,5,5,0
LA_0052,4,4,4,4,0
LA_0053,3,3,3,3,0
LA_0054,4,4,4,4,0
LA_0055,4,4,4,4,0
LA_0056,8,8,8,8,0
LA_0057,6,6,6,6,0
LA_0058,2,2,2,2,0
LA_0059,2,2,2,2,0
LA_0060,5,5,5,5,0
LA_0061,3,3,3,3,0
LA_0062,1,1,1,1,0
LA_0063,2,2,2,2,0
LA_0064,5,5,5,5,0
LA_0065,4,4,4,4,0
LA_0066,3,3,3,3,0
LA_0067,5,5,5,5,0
LA_0068,4,4,4,4,0
LA_0069,3,3,3,3,0
LA_0070,3,3,3,3,0
LA_0071,7,7,7,7,0
LA_0072,5,5,5,5,0
LA_0073,3,3,3,3,0
LA_0074,5,5,5,5,0
LA_0075,4,4,4,4,0
LA_0076,2,2,2,2,0
LA_0077,3,3,3,3,0
LA_0078,6,6,6,6,0
LA_0079,8,8,8,8,0
LA_0080,1,1,1,1,0
LA_0081,4,4,4,4,0
LA_0082,3,3,3,3,0
LA_0083,8,8,8,8,0
LA_0084,2,2,2,2,0
LA_0085,6,6,6,6,0
LA_0086,4,4,4,4,0
LQ_0001,3,3,3,3,0
LQ_0002,1,1,1,1,0
LQ_0003,6,6,6,6,0
LQ_0004,1,1,1,1,0
LQ_0005,1,1,1,1,0
LQ_0006,4,4,4,4,0
LQ_0007,1,1,1,1,0
LQ_0008,1,1,1,1,0
LQ_0009,1,1,1,1,0
LQ_0010,2,2,2,2,0
LQ_0011,4,4,4,4,0
LQ_0012,2,2,2,2,0
LQ_0013,2,2,2,2,0
LQ_0014,2,2,2,2,0
LQ_0015,1,1,1,1,0
LQ_0016,2,2,2,2,0
LQ_0017,2,2,2,2,0
LQ_0018,1,1,1,1,0
LQ_0019,2,2,2,2,0
LQ_0020,5,5,5,5,0
LQ_0021,3,3,3,3,0
LQ_0022,5,5,5,5,0
LQ_0023,3,3,3,3,0
LQ_0024,1,1,1,1,0
LQ_0025,2,2,2,2,0
LQ_0026,1,1,1,1,0
LQ_0027,6,6,6,6,0
LQ_0028,2,2,2,2,0
LQ_0029,1,1,1,1,0
LQ_0030,2,2,2,2,0
LQ_0031,3,3,3,3,0
LQ_0032,1,1,1,1,0
LQ_0033,1,1,1,1,0
LQ_0034,4,4,4,4,0
LQ_0035,4,4,4,4,0
LQ_0036,8,8,8,8,0
LQ_0037,1,1,1,1,0
LQ_0038,3,3,3,3,0
LQ_0039,2,2,2,2,0
LQ_0040,4,4,4,4,0
LQ_0041,2,2,2,2,0
LQ_0042,2,2,2,2,0
LQ_0043,7,7,7,7,0
LQ_0044,3,3,3,3,0
LQ_0045,1,1,1,1,0
LQ_0046,1,1,1,1,0
LQ_0047,2,2,2,2,0
LQ_0048,2,2,2,2,0
LQ_0049,3,3,3,3,0
LQ_0050,8,8,8,8,0
LQ_0051,1,1,1,1,0
LQ_0052,2,2,2,2,0
LQ_0053,4,4,4,4,0
LQ_0054,1,1,1,1,0
LQ_0055,7,7,7,7,0
LQ_0056,3,3,3,3,0
LQ_0057,5,5,5,5,0
LQ_0058,1,1,1,1,0
LQ_0059,1,1,1,1,0
LQ_0060,2,2,2,2,0
LQ_0061,5,5,5,5,0
LQ_0062,1,1,1,1,0
LQ_0063,1,1,1,1,0
LQ_0064,4,4,4,4,0
LQ_0065,3,3,3,3,0
LQ_0066,3,3,3,3,0
LQ_0067,3,3,3,3,0
LQ_0068,3,3,3,3,0
LQ_0069,3,3,3,3,0
LQ_0070,2,2,2,2,0
LQ_0071,2,2,2,2,0
LQ_0072,1,1,1,1,0
LQ_0073,2,2,2,2,0
LQ_0074,3,3,3,3,0
LQ_0075,4,4,4,4,0
LQ_0076,2,2,2,2,0
LQ_0077,1,1,1,1,0
LQ_0078,1,1,1,1,0
LQ_0079,4,4,4,4,0
LQ_0080,2,2,2,2,0
LQ_0081,2,2,2,2,0
LQ_0082,1,1,1,1,0
LQ_0083,6,6,6,6,0
LQ_0084,1,1,1,1,0
LQ_0085,2,2,2,2,0
LQ_0086,4,4,4,4,0
LQ_0087,5,5,5,5,0
LS_0001,6,6,6,6,0
LS_0002,1,1,1,1,0
LS_0003,2,2,2,2,0
LS_0004,2,2,2,2,0
LS_0005,6,6,6,6,0
LS_0006,7,7,7,7,0
LS_0007,5,5,5,5,0
LS_0008,4,4,4,4,0
LS_0009,4,4,4,4,0
LS_0010,8,8,8,8,0
LS_0011,7,7,7,7,0
LS_0012,6,6,6,6,0
LS_0013,6,6,6,6,0
LS_0014,7,7,7,7,0
LS_0015,1,1,1,1,0
LS_0016,1,1,1,1,0
LS_0017,1,1,1,1,0
LS_0018,6,6,6,6,0
LS_0019,1,1,1,1,0
LS_0020,3,3,3,3,0
LS_0021,7,7,7,7,0
LS_0022,7,7,7,7,0
LS_0023,6,6,6,6,0
LS_0024,3,3,3,3,0
LS_0025,2,2,2,2,0
LS_0026,2,2,2,2,0
LS_0027,4,4,4,4,0
LS_0028,4,4,4,4,0
LS_0029,4,4,4,4,0
LS_0030,2,2,2,2,0
LS_0031,5,5,5,5,0
LS_0032,2,2,2,2,0
LS_0033,6,6,6,6,0
LS_0034,3,3,3,3,0
LS_0035,3,3,3,3,0
LS_0036,1,1,1,1,0
LS_0037,2,2,2,2,0
LS_0038,3,3,3,3,0
LS_0039,1,1,1,1,0
LS_0040,6,6,6,6,0
LS_0041,3,3,3,3,0
LS_0042,1,1,1,1,0
LS_0043,6,6,6,6,0
LS_0044,6,6,6,6,0
LS_0045,7,7,7,7,0
LS_0046,5,5,5,5,0
LS_0047,6,6,6,6,0
LS_0048,3,3,3,3,0
LS_0049,1,1,1,1,0
LS_0050,2,2,2,2,0
LS_0051,1,1,1,1,0
LS_0052,4,4,4,4,0
LS_0053,4,4,4,4,0
LS_0054,3,3,3,3,0
LS_0055,6,6,6,6,0
LS_0056,8,8,8,8,0
LS_0057,7,7,7,7,0
LS_0058,4,4,4,4,0
LS_0059,4,4,4,4,0
LS_0060,3,3,3,3,0
LS_0061,7,7,7,7,0
LS_0062,4,4,4,4,0
LS_0063,6,6,6,6,0
LS_0064,4,4,4,4,0
LS_0065,1,1,1,1,0
LS_0066,3,3,3,3,0
LS_0067,5,5,5,5,0
LS_0068,6,6,6,6,0
LS_0069,4,4,4,4,0
LS_0070,2,2,2,2,0
LS_0071,7,7,7,7,0
LS_0072,4,4,4,4,0
LS_0073,5,5,5,5,0
LS_0074,3,3,3,3,0
LS_0075,8,8,8,8,0
LS_0076,2,2,2,2,0
LS_0077,6,6,6,6,0
LS_0078,3,3,3,3,0
LS_0079,1,1,1,1,0
LS_0080,3,3,3,3,0
LS_0081,6,6,6,6,0
LS_0082,6,6,6,6,0
LS_0083,2,2,2,2,0
LS_0084,6,6,6,6,0
LS_0085,4,4,4,4,0
LS_0086,3,3,3,3,0
LS_0087,3,3,3,3,0
LS_0088,1,1,1,1,0
LS_0089,3,3,3,3,0
LS_0090,6,6,6,6,0
MM_0001,4,4,4,4,0
MM_0002,4,4,4,4,0
MM_0003,4,4,4,4,0
MM_0004,3,3,3,3,0
MM_0005,6,6,6,6,0
MM_0006,6,6,6,6,0
MM_0007,3,3,3,3,0
MM_0008,3,3,3,3,0
MM_0009,7,7,7,7,0
MM_0010,2,2,2,2,0
MM_0011,2,2,2,2,0
MM_0012,5,5,5,5,0
MM_0013,4,4,4,4,0
MM_0014,5,5,5,5,0
MM_0015,3,3,3,3,0
MM_0016,5,5,5,5,0
MM_0017,3,3,3,3,0
MM_0018,7,7,7,7,0
MM_0019,4,4,4,4,0
MM_0020,3,3,3,3,0
MM_0021,6,6,6,6,0
MM_0022,8,8,8,8,0
MM_0023,1,1,1,1,0
MM_0024,5,5,5,5,0
MM_0025,3,3,3,3,0
MM_0026,5,5,5,5,0
MM_0027,4,4,4,4,0
MM_0028,1,1,1,1,0
MM_0029,8,8,8,8,0
MM_0030,2,2,2,2,0
MM_0031,2,2,2,2,0
MM_0032,2,2,2,2,0
MM_0033,2,2,2,2,0
MM_0034,2,2,2,2,0
MM_0035,6,6,6,6,0
MM_0036,4,4,4,4,0
MM_0037,5,5,5,5,0
MM_0038,4,4,4,4,0
MM_0039,8,8,8,8,0
MM_0040,7,7,7,7,0
MM_0041,3,3,3,3,0
MM_0042,4,4,4,4,0
MM_0043,4,4,4,4,0
MM_0044,3,3,3,3,0
MM_0045,6,6,6,6,0
MM_0046,2,2,2,2,0
MM_0047,8,8,8,8,0
MM_0048,7,7,7,7,0
MM_0049,7,7,7,7,0
MM_0050,6,6,6,6,0
MM_0051,1,1,1,1,0
MM_0052,3,3,3,3,0
MM_0053,5,5,5,5,0
MM_0054,7,7,7,7,0
MM_0055,5,5,5,5,0
MM_0056,5,5,5,5,0
MM_0057,6,6,6,6,0
MM_0058,6,6,6,6,0
MM_0059,6,6,6,6,0
MM_0060,4,4,4,4,0
MM_0061,7,7,7,7,0
MM_0062,5,5,5,5,0
MM_0063,7,7,7,7,0
MM_0064,7,7,7,7,0
MM_0065,6,6,6,6,0
MM_0066,2,2,2,2,0
MM_0067,6,6,6,6,0
MM_0068,6,6,6,6,0
MM_0069,5,5,5,5,0
MM_0070,5,5,5,5,0
MM_0071,7,7,7,7,0
MM_0072,6,6,6,6,0
MM_0073,1,1,1,1,0
MM_0074,5,5,5,5,0
MM_0075,4,4,4,4,0
MM_0076,5,5,5,5,0
MM_0077,1,1,1,1,0
MM_0078,7,7,7,7,0
MM_0079,4,4,4,4,0
MM_0080,1,1,1,1,0
MM_0081,8,8,8,8,0
MM_0082,8,8,8,8,0
MM_0083,5,5,5,5,0
MM_0084,5,5,5,5,0
MM_0085,6,6,6,6,0
MM_0086,2,2,2,2,0
NO_0001,4,4,4,4,0
NO_0002,5,5,5,5,0
NO_0003,4,4,4,4,0
NO_0004,4,4,4,4,0
NO_0005,6,6,6,6,0
NO_0006,5,5,5,5,0
NO_0007,4,4,4,4,0
NO_0008,5,5,5,5,0
NO_0009,4,4,4,4,0
NO_0010,4,4,4,4,0
NO_0011,6,6,6,6,0
NO_0012,3,3,3,3,0
NO_0013,4,4,4,4,0
NO_0014,5,5,5,5,0
NO_0015,8,8,8,8,0
NO_0016,8,8,8,8,0
NO_0017,7,7,7,7,0
NO_0018,5,5,5,5,0
NO_0019,6,6,6,6,0
NO_0020,3,3,3,3,0
NO_0021,3,3,3,3,0
NO_0022,8,8,8,8,0
NO_0023,6,6,6,6,0
NO_0024,6,6,6,6,0
NO_0025,6,6,6,6,0
NO_0026,6,6,6,6,0
NO_0027,5,5,5,5,0
NO_0028,5,5,5,5,0
NO_0029,4,4,4,4,0
NO_0030,1,1,1,1,0
NO_0031,4,4,4,4,0
NO_0032,6,6,6,6,0
NO_0033,6,6,6,6,0
NO_0034,2,2,2,2,0
NO_0035,5,5,5,5,0
NO_0036,3,3,3,3,0
NO_0037,3,3,3,3,0
NO_0038,3,3,3,3,0
NO_0039,4,4,4,4,0
NO_0040,2,2,2,2,0
NO_0041,7,7,7,7,0
NO_0042,4,4,4,4,0
NO_0043,5,5,5,5,0
NO_0044,7,7,7,7,0
NO_0045,4,4,4,4,0
NO_0046,5,5,5,5,0
NO_0047,7,7,7,7,0
NO_0048,1,1,1,1,0
NO_0049,1,1,1,1,0
NO_0050,5,5,5,5,0
NO_0051,4,4,4,4,0
NO_0052,5,5,5,5,0
NO_0053,7,7,7,7,0
NO_0054,3,3,3,3,0
NO_0055,7,7,7,7,0
NO_0056,5,5,5,5,0
NO_0057,5,5,5,5,0
NO_0058,6,6,6,6,0
NO_0059,6,6,6,6,0
NO_0060,5,5,5,5,0
NO_0061,6,6,6,6,0
NO_0062,8,8,8,8,0
NO_0063,5,5,5,5,0
NO_0064,4,4,4,4,0
NO_0065,7,7,7,7,0
NO_0066,1,1,1,1,0
NO_0067,5,5,5,5,0
NO_0068,3,3,3,3,0
NO_0069,5,5,5,5,0
NO_0070,4,4,4,4,0
NO_0071,6,6,6,6,0
NO_0072,3,3,3,3,0
NO_0073,6,6,6,6,0
NO_0074,4,4,4,4,0
NO_0075,4,4,4,4,0
NO_0076,5,5,5,5,0
NO_0077,4,4,4,4,0
NO_0078,3,3,3,3,0
NO_0079,8,8,8,8,0
NO_0080,5,5,5,5,0
NO_0081,6,6,6,6,0
NO_0082,3,3,3,3,0
NO_0083,7,7,7,7,0
NO_0084,5,5,5,5,0
NO_0085,8,8,8,8,0
NO_0086,6,6,6,6,0
NO_0087,6,6,6,6,0
NO_0088,5,5,5,5,0
NO_0089,3,3,3,3,0
NO_0090,7,7,7,7,0
NO_0091,4,4,4,4,0
NO_0092,3,3,3,3,0
NO_0093,3,3,3,3,0
NO_0094,3,3,3,3,0
NO_0095,5,5,5,5,0
NO_0096,4,4,4,4,0
NO_0097,5,5,5,5,0
NO_0098,6,6,6,6,0
NO_0099,7,7,7,7,0
NO_0100,5,5,5,5,0
NO_0101,5,5,5,5,0
NO_0102,6,6,6,6,0
PE_0001,2,2,2,2,0
PE_0002,6,6,6,6,0
PE_0003,7,7,7,7,0
PE_0004,1,1,1,1,0
PE_0005,2,2,2,2,0
PE_0006,2,2,2,2,0
PE_0007,2,2,2,2,0
PE_0008,3,3,3,3,0
PE_0009,2,2,2,2,0
PE_0010,4,4,4,4,0
PE_0011,8,8,8,8,0
PE_0012,1,1,1,1,0
PE_0013,1,1,1,1,0
PE_0014,3,3,3,3,0
PE_0015,4,4,4,4,0
PE_0016,8,8,8,8,0
PE_0017,3,3,3,3,0
PE_0018,3,3,3,3,0
PE_0019,3,3,3,3,0
PE_0020,4,4,4,4,0
PE_0021,3,3,3,3,0
PE_0022,3,3,3,3,0
PE_0023,4,4,4,4,0
PE_0024,2,2,2,2,0
PE_0025,2,2,2,2,0
PE_0026,3,3,3,3,0
PE_0027,4,4,4,4,0
PE_0028,5,5,5,5,0
PE_0029,2,2,2,2,0
PE_0030,7,7,7,7,0
PE_0031,1,1,1,1,0
PE_0032,2,2,2,2,0
PE_0033,7,7,7,7,0
PE_0034,8,8,8,8,0
PE_0035,5,5,5,5,0
PE_0036,3,3,3,3,0
PE_0037,8,8,8,8,0
PE_0038,5,5,5,5,0
PE_0039,4,4,4,4,0
PE_0040,6,6,6,6,0
PE_0041,4,4,4,4,0
PE_0042,4,4,4,4,0
PE_0043,6,6,6,6,0
PE_0044,3,3,3,3,0
PE_0045,3,3,3,3,0
PE_0046,1,1,1,1,0
PE_0047,8,8,8,8,0
PE_0048,3,3,3,3,0
PE_0049,2,2,2,2,0
PE_0050,1,1,1,1,0
PE_0051,8,8,8,8,0
PE_0052,4,4,4,4,0
PE_0053,3,3,3,3,0
PE_0054,2,2,2,2,0
PE_0055,2,2,2,2,0
PE_0056,2,2,2,2,0
PE_0057,2,2,2,2,0
PE_0058,2,2,2,2,0
PE_0059,2,2,2,2,0
PE_0060,8,8,8,8,0
PE_0061,3,3,3,3,0
PE_0062,8,8,8,8,0
PE_0063,2,2,2,2,0
PE_0064,8,8,8,8,0
PE_0065,3,3,3,3,0
PE_0066,8,8,8,8,0
PE_0067,5,5,5,5,0
PE_0068,7,7,7,7,0
PE_0069,3,3,3,3,0
PE_0070,3,3,3,3,0
PE_0071,2,2,2,2,0
PE_0072,6,6,6,6,0
PE_0073,4,4,4,4,0
PE_0074,8,8,8,8,0
PE_0075,3,3,3,3,0
PE_0076,5,5,5,5,0
PE_0077,3,3,3,3,0
PE_0078,2,2,2,2,0
PE_0079,3,3,3,3,0
PE_0080,3,3,3,3,0
PE_0081,4,4,4,4,0
PE_0082,2,2,2,2,0
PE_0083,8,8,8,8,0
PE_0084,8,8,8,8,0
PE_0085,2,2,2,2,0
PE_0086,2,2,2,2,0
PE_0087,3,3,3,3,0
PE_0088,5,5,5,5,0
PE_0089,3,3,3,3,0
PE_0090,6,6,6,6,0
PE_0091,4,4,4,4,0
PE_0092,5,5,5,5,0
PE_0093,7,7,7,7,0
PE_0094,4,4,4,4,0
PE_0095,8,8,8,8,0
PL_0001,4,4,4,4,0
PL_0002,2,2,2,2,0
PL_0003,4,4,4,4,0
PL_0004,3,3,3,3,0
PL_0005,1,1,1,1,0
PL_0006,2,2,2,2,0
PL_0007,3,3,3,3,0
PL_0008,2,2,2,2,0
PL_0009,2,2,2,2,0
PL_0010,2,2,2,2,0
PL_0011,1,1,1,1,0
PL_0012,2,2,2,2,0
PL_0013,3,3,3,3,0
PL_0014,5,5,5,5,0
PL_0015,7,7,7,7,0
PL_0016,4,4,4,4,0
PL_0017,2,2,2,2,0
PL_0018,3,3,3,3,0
PL_0019,3,3,3,3,0
PL_0020,2,2,2,2,0
PL_0021,1,1,1,1,0
PL_0022,3,3,3,3,0
PL_0023,4,4,4,4,0
PL_0024,3,3,3,3,0
PL_0025,2,2,2,2,0
PL_0026,2,2,2,2,0
PL_0027,2,2,2,2,0
PL_0028,1,1,1,1,0
PL_0029,2,2,2,2,0
PL_0030,2,2,2,2,0
PL_0031,6,6,6,6,0
PL_0032,4,4,4,4,0
PL_0033,4,4,4,4,0
PL_0034,2,2,2,2,0
PL_0035,2,2,2,2,0
PL_0036,3,3,3,3,0
PL_0037,5,5,5,5,0
PL_0038,1,1,1,1,0
PL_0039,5,5,5,5,0
PL_0040,4,4,4,4,0
PL_0041,2,2,2,2,0
PL_0042,2,2,2,2,0
PL_0043,3,3,3,3,0
PL_0044,2,2,2,2,0
PL_0045,1,1,1,1,0
PL_0046,2,2,2,2,0
PL_0047,2,2,2,2,0
PL_0048,4,4,4,4,0
PL_0049,1,1,1,1,0
PL_0050,2,2,2,2,0
PL_0051,2,2,2,2,0
PL_0052,3,3,3,3,0
PL_0053,6,6,6,6,0
PL_0054,7,7,7,7,0
PL_0055,3,3,3,3,0
PL_0056,2,2,2,2,0
PL_0057,3,3,3,3,0
PL_0058,4,4,4,4,0
PL_0059,3,3,3,3,0
PL_0060,7,7,7,7,0
PL_0061,3,3,3,3,0
PL_0062,1,1,1,1,0
PL_0063,2,2,2,2,0
PL_0064,2,2,2,2,0
PL_0065,8,8,8,8,0
PL_0066,2,2,2,2,0
PL_0067,5,5,5,5,0
PL_0068,2,2,2,2,0
PL_0069,6,6,6,6,0
PL_0070,4,4,4,4,0
PL_0071,8,8,8,8,0
PL_0072,3,3,3,3,0
PL_0073,6,6,6,6,0
PL_0074,1,1,1,1,0
PL_0075,3,3,3,3,0
PL_0076,2,2,2,2,0
PL_0077,3,3,3,3,0
PL_0078,4,4,4,4,0
PL_0079,6,6,6,6,0
PL_0080,2,2,2,2,0
PL_0081,5,5,5,5,0
PL_0082,3,3,3,3,0
PL_0083,3,3,3,3,0
PL_0084,3,3,3,3,0
PL_0085,4,4,4,4,0
PL_0086,4,4,4,4,0
PL_0087,1,1,1,1,0
PL_0088,2,2,2,2,0
PL_0089,3,3,3,3,0
PL_0090,2,2,2,2,0
PL_0091,4,4,4,4,0
PL_0092,2,2,2,2,0
PL_0093,8,8,8,8,0
PL_0094,8,8,8,8,0
PL_0095,1,1,1,1,0
PL_0096,5,5,5,5,0
PL_0097,8,8,8,8,0
PL_0098,2,2,2,2,0
PP_0001,5,5,5,5,0
PP_0002,8,8,8,8,0
PP_0003,4,4,4,4,0
PP_0004,3,3,3,3,0
PP_0005,1,1,1,1,0
PP_0006,4,4,4,4,0
PP_0007,1,1,1,1,0
PP_0008,5,5,5,5,0
PP_0009,3,3,3,3,0
PP_0010,6,6,6,6,0
PP_0011,5,5,5,5,0
PP_0012,3,3,3,3,0
PP_0013,5,5,5,5,0
PP_0014,6,6,6,6,0
PP_0015,5,5,5,5,0
PP_0016,3,3,3,3,0
PP_0017,1,1,1,1,0
PP_0018,3,3,3,3,0
PP_0019,5,5,5,5,0
PP_0020,5,5,5,5,0
PP_0021,4,4,4,4,0
PP_0022,4,4,4,4,0
PP_0023,1,1,1,1,0
PP_0024,5,5,5,5,0
PP_0025,1,1,1,1,0
PP_0026,3,3,3,3,0
PP_0027,2,2,2,2,0
PP_0028,5,5,5,5,0
PP_0029,6,6,6,6,0
PP_0030,4,4,4,4,0
PP_0031,8,8,8,8,0
PP_0032,3,3,3,3,0
PP_0033,7,7,7,7,0
PP_0034,5,5,5,5,0
PP_0035,5,5,5,5,0
PP_0036,3,3,3,3,0
PP_0037,4,4,4,4,0
PP_0038,4,4,4,4,0
PP_0039,5,5,5,5,0
PP_0040,4,4,4,4,0
PP_0041,3,3,3,3,0
PP_0042,6,6,6,6,0
PP_0043,4,4,4,4,0
PP_0044,2,2,2,2,0
PP_0045,1,1,1,1,0
PP_0046,5,5,5,5,0
PP_0047,6,6,6,6,0
PP_0048,4,4,4,4,0
PP_0049,5,5,5,5,0
PP_0050,6,6,6,6,0
PP_0051,2,2,2,2,0
PP_0052,2,2,2,2,0
PP_0053,7,7,7,7,0
PP_0054,6,6,6,6,0
PP_0055,4,4,4,4,0
PP_0056,5,5,5,5,0
PP_0057,4,4,4,4,0
PP_0058,4,4,4,4,0
PP_0059,6,6,6,6,0
PP_0060,5,5,5,5,0
PP_0061,4,4,4,4,0
PP_0062,7,7,7,7,0
PP_0063,4,4,4,4,0
PP_0064,5,5,5,5,0
PP_0065,5,5,5,5,0
PP_0066,1,1,1,1,0
PP_0067,4,4,4,4,0
PP_0068,2,2,2,2,0
PP_0069,8,8,8,8,0
PP_0070,5,5,5,5,0
PP_0071,8,8,8,8,0
PP_0072,8,8,8,8,0
PP_0073,5,5,5,5,0
PP_0074,4,4,4,4,0
PP_0075,2,2,2,2,0
PP_0076,6,6,6,6,0
PP_0077,6,6,6,6,0
PP_0078,6,6,6,6,0
PP_0079,4,4,4,4,0
PP_0080,5,5,5,5,0
PP_0081,4,4,4,4,0
PP_0082,2,2,2,2,0
PP_0083,5,5,5,5,0
PP_0084,4,4,4,4,0
PP_0085,4,4,4,4,0
PP_0086,6,6,6,6,0
PP_0087,2,2,2,2,0
PP_0088,5,5,5,5,0
PP_0089,5,5,5,5,0
PP_0090,4,4,4,4,0
PP_0091,6,6,6,6,0
PP_0092,5,5,5,5,0
PP_0093,3,3,3,3,0
PP_0094,3,3,3,3,0
PP_0095,5,5,5,5,0
PP_0096,1,1,1,1,0
PP_0097,5,5,5,5,0
PP_0098,5,5,5,5,0
PP_0099,2,2,2,2,0
PP_0100,4,4,4,4,0
PR_0001,5,5,5,5,0
PR_0002,8,8,8,8,0
PR_0003,1,1,1,1,0
PR_0004,8,8,8,8,0
PR_0005,7,7,7,7,0
PR_0006,8,8,8,8,0
PR_0007,3,3,3,3,0
PR_0008,8,8,8,8,0
PR_0009,7,7,7,7,0
PR_0010,3,3,3,3,0
PR_0011,3,3,3,3,0
PR_0012,1,1,1,1,0
PR_0013,5,5,5,5,0
PR_0014,6,6,6,6,0
PR_0015,8,8,8,8,0
PR_0016,6,6,6,6,0
PR_0017,6,6,6,6,0
PR_0018,6,6,6,6,0
PR_0019,4,4,4,4,0
PR_0020,6,6,6,6,0
PR_0021,5,5,5,5,0
PR_0022,5,5,5,5,0
PR_0023,6,6,6,6,0
PR_0024,7,7,7,7,0
PR_0025,4,4,4,4,0
PR_0026,2,2,2,2,0
PR_0027,4,4,4,4,0
PR_0028,4,4,4,4,0
PR_0029,6,6,6,6,0
PR_0030,2,2,2,2,0
PR_0031,1,1,1,1,0
PR_0032,3,3,3,3,0
PR_0033,4,4,4,4,0
PR_0034,1,1,1,1,0
PR_0035,4,4,4,4,0
PR_0036,4,4,4,4,0
PR_0037,3,3,3,3,0
PR_0038,5,5,5,5,0
PR_0039,4,4,4,4,0
PR_0040,6,6,6,6,0
PR_0041,7,7,7,7,0
PR_0042,6,6,6,6,0
PR_0043,8,8,8,8,0
PR_0044,3,3,3,3,0
PR_0045,3,3,3,3,0
PR_0046,2,2,2,2,0
PR_0047,2,2,2,2,0
PR_0048,1,1,1,1,0
PR_0049,3,3,3,3,0
PR_0050,7,7,7,7,0
PR_0051,4,4,4,4,0
PR_0052,2,2,2,2,0
PR_0053,2,2,2,2,0
PR_0054,2,2,2,2,0
PR_0055,3,3,3,3,0
PR_0056,2,2,2,2,0
PR_0057,4,4,4,4,0
PR_0058,3,3,3,3,0
PR_0059,2,2,2,2,0
PR_0060,2,2,2,2,0
PR_0061,6,6,6,6,0
PR_0062,2,2,2,2,0
PR_0063,7,7,7,7,0
PR_0064,3,3,3,3,0
PR_0065,2,2,2,2,0
PR_0066,7,7,7,7,0
PR_0067,8,8,8,8,0
PR_0068,2,2,2,2,0
PR_0069,6,6,6,6,0
PR_0070,3,3,3,3,0
PR_0071,6,6,6,6,0
PR_0072,1,1,1,1,0
PR_0073,4,4,4,4,0
PR_0074,6,6,6,6,0
PR_0075,7,7,7,7,0
PR_0076,1,1,1,1,0
PR_0077,5,5,5,5,0
PR_0078,3,3,3,3,0
PR_0079,8,8,8,8,0
PR_0080,1,1,1,1,0
PR_0081,6,6,6,6,0
PR_0082,5,5,5,5,0
PR_0083,7,7,7,7,0
PR_0084,2,2,2,2,0
PR_0085,1,1,1,1,0
PR_0086,1,1,1,1,0
PR_0087,2,2,2,2,0
PR_0088,7,7,7,7,0
PR_0089,7,7,7,7,0
PR_0090,4,4,4,4,0
PR_0091,2,2,2,2,0
PS_0001,1,1,1,1,0
PS_0002,6,6,6,6,0
PS_0003,4,4,4,4,0
PS_0004,5,5,5,5,0
PS_0005,1,1,1,1,0
PS_0006,2,2,2,2,0
PS_0007,1,1,1,1,0
PS_0008,2,2,2,2,0
PS_0009,5,5,5,5,0
PS_0010,8,8,8,8,0
PS_0011,4,4,4,4,0
PS_0012,7,7,7,7,0
PS_0013,7,7,7,7,0
PS_0014,5,5,5,5,0
PS_0015,5,5,5,5,0
PS_0016,8,8,8,8,0
PS_0017,5,5,5,5,0
PS_0018,5,5,5,5,0
PS_0019,8,8,8,8,0
PS_0020,3,3,3,3,0
PS_0021,6,6,6,6,0
PS_0022,6,6,6,6,0
PS_0023,5,5,5,5,0
PS_0024,5,5,5,5,0
PS_0025,8,8,8,8,0
PS_0026,5,5,5,5,0
PS_0027,8,8,8,8,0
PS_0028,2,2,2,2,0
PS_0029,2,2,2,2,0
PS_0030,7,7,7,7,0
PS_0031,5,5,5,5,0
PS_0032,8,8,8,8,0
PS_0033,2,2,2,2,0
PS_0034,5,5,5,5,0
PS_0035,7,7,7,7,0
PS_0036,2,2,2,2,0
PS_0037,1,1,1,1,0
PS_0038,8,8,8,8,0
PS_0039,8,8,8,8,0
PS_0040,7,7,7,7,0
PS_0041,7,7,7,7,0
PS_0042,4,4,4,4,0
PS_0043,6,6,6,6,0
PS_0044,8,8,8,8,0
PS_0045,8,8,8,8,0
PS_0046,1,1,1,1,0
PS_0047,6,6,6,6,0
PS_0048,8,8,8,8,0
PS_0049,2,2,2,2,0
PS_0050,4,4,4,4,0
PS_0051,3,3,3,3,0
PS_0052,7,7,7,7,0
PS_0053,3,3,3,3,0
PS_0054,8,8,8,8,0
PS_0055,8,8,8,8,0
PS_0056,5,5,5,5,0
PS_0057,5,5,5,5,0
PS_0058,1,1,1,1,0
PS_0059,5,5,5,5,0
PS_0060,5,5,5,5,0
PS_0061,8,8,8,8,0
PS_0062,5,5,5,5,0
PS_0063,2,2,2,2,0
PS_0064,4,4,4,4,0
PS_0065,2,2,2,2,0
PS_0066,8,8,8,8,0
PS_0067,8,8,8,8,0
PS_0068,8,8,8,8,0
PS_0069,6,6,6,6,0
PS_0070,6,6,6,6,0
PS_0071,5,5,5,5,0
PS_0072,1,1,1,1,0
PS_0073,1,1,1,1,0
PS_0074,6,6,6,6,0
PS_0075,7,7,7,7,0
PS_0076,3,3,3,3,0
PS_0077,8,8,8,8,0
PS_0078,1,1,1,1,0
PS_0079,6,6,6,6,0
PS_0080,6,6,6,6,0
PS_0081,7,7,7,7,0
PS_0082,8,8,8,8,0
PS_0083,5,5,5,5,0
PS_0084,6,6,6,6,0
PS_0085,4,4,4,4,0
PS_0086,5,5,5,5,0
PS_0087,7,7,7,7,0
PS_0088,4,4,4,4,0
PS_0089,7,7,7,7,0
PS_0090,2,2,2,2,0
PS_0091,5,5,5,5,0
PS_0092,6,6,6,6,0
QI_0001,2,2,2,2,0
QI_0002,5,5,5,5,0
QI_0003,5,5,5,5,0
QI_0004,4,4,4,4,0
QI_0005,4,4,4,4,0
QI_0006,2,2,2,2,0
QI_0007,3,3,3,3,0
QI_0008,6,6,6,6,0
QI_0009,2,2,2,2,0
QI_0010,7,7,7,7,0
QI_0011,5,5,5,5,0
QI_0012,6,6,6,6,0
QI_0013,1,1,1,1,0
QI_0014,4,4,4,4,0
QI_0015,2,2,2,2,0
QI_0016,5,5,5,5,0
QI_0017,3,3,3,3,0
QI_0018,6,6,6,6,0
QI_0019,1,1,1,1,0
QI_0020,5,5,5,5,0
QI_0021,8,8,8,8,0
QI_0022,4,4,4,4,0
QI_0023,3,3,3,3,0
QI_0024,2,2,2,2,0
QI_0025,5,5,5,5,0
QI_0026,4,4,4,4,0
QI_0027,8,8,8,8,0
QI_0028,1,1,1,1,0
QI_0029,1,1,1,1,0
QI_0030,3,3,3,3,0
QI_0031,2,2,2,2,0
QI_0032,1,1,1,1,0
QI_0033,6,6,6,6,0
QI_0034,7,7,7,7,0
QI_0035,6,6,6,6,0
QI_0036,6,6,6,6,0
QI_0037,4,4,4,4,0
QI_0038,2,2,2,2,0
QI_0039,3,3,3,3,0
QI_0040,2,2,2,2,0
QI_0041,4,4,4,4,0
QI_0042,1,1,1,1,0
QI_0043,2,2,2,2,0
QI_0044,3,3,3,3,0
QI_0045,3,3,3,3,0
QI_0046,4,4,4,4,0
QI_0047,1,1,1,1,0
QI_0048,8,8,8,8,0
QI_0049,5,5,5,5,0
QI_0050,4,4,4,4,0
QI_0051,2,2,2,2,0
QI_0052,6,6,6,6,0
QI_0053,7,7,7,7,0
QI_0054,3,3,3,3,0
QI_0055,6,6,6,6,0
QI_0056,1,1,1,1,0
QI_0057,2,2,2,2,0
QI_0058,7,7,7,7,0
QI_0059,8,8,8,8,0
QI_0060,1,1,1,1,0
QI_0061,5,5,5,5,0
QI_0062,6,6,6,6,0
QI_0063,7,7,7,7,0
QI_0064,1,1,1,1,0
QI_0065,4,4,4,4,0
QI_0066,4,4,4,4,0
QI_0067,3,3,3,3,0
QI_0068,5,5,5,5,0
QI_0069,1,1,1,1,0
QI_0070,6,6,6,6,0
QI_0071,3,3,3,3,0
QI_0072,4,4,4,4,0
QI_0073,4,4,4,4,0
QI_0074,4,4,4,4,0
QI_0075,3,3,3,3,0
QI_0076,6,6,6,6,0
QI_0077,3,3,3,3,0
QI_0078,4,4,4,4,0
QI_0079,2,2,2,2,0
QI_0080,8,8,8,8,0
QI_0081,7,7,7,7,0
QI_0082,6,6,6,6,0
QI_0083,7,7,7,7,0
QI_0084,1,1,1,1,0
QI_0085,5,5,5,5,0
RU_0001,3,3,3,3,0
RU_0002,1,1,1,1,0
RU_0003,1,1,1,1,0
RU_0004,1,1,1,1,0
RU_0005,2,2,2,2,0
RU_0006,6,6,6,6,0
RU_0007,8,8,8,8,0
RU_0008,1,1,1,1,0
RU_0009,1,1,1,1,0
RU_0010,1,1,1,1,0
RU_0011,2,2,2,2,0
RU_0012,1,1,1,1,0
RU_0013,4,4,4,4,0
RU_0014,3,3,3,3,0
RU_0015,2,2,2,2,0
RU_0016,1,1,1,1,0
RU_0017,2,2,2,2,0
RU_0018,7,7,7,7,0
RU_0019,2,2,2,2,0
RU_0020,1,1,1,1,0
RU_0021,1,1,1,1,0
RU_0022,4,4,4,4,0
RU_0023,8,8,8,8,0
RU_0024,4,4,4,4,0
RU_0025,1,1,1,1,0
RU_0026,2,2,2,2,0
RU_0027,1,1,1,1,0
RU_0028,4,4,4,4,0
RU_0029,4,4,4,4,0
RU_0030,3,3,3,3,0
RU_0031,2,2,2,2,0
RU_0032,5,5,5,5,0
RU_0033,8,8,8,8,0
RU_0034,3,3,3,3,0
RU_0035,2,2,2,2,0
RU_0036,5,5,5,5,0
RU_0037,1,1,1,1,0
RU_0038,1,1,1,1,0
RU_0039,5,5,5,5,0
RU_0040,7,7,7,7,0
RU_0041,2,2,2,2,0
RU_0042,7,7,7,7,0
RU_0043,7,7,7,7,0
RU_0044,1,1,1,1,0
RU_0045,3,3,3,3,0
RU_0046,7,7,7,7,0
RU_0047,1,1,1,1,0
RU_0048,1,1,1,1,0
RU_0049,3,3,3,3,0
RU_0050,3,3,3,3,0
RU_0051,8,8,8,8,0
RU_0052,8,8,8,8,0
RU_0053,2,2,2,2,0
RU_0054,1,1,1,1,0
RU_0055,8,8,8,8,0
RU_0056,3,3,3,3,0
RU_0057,2,2,2,2,0
RU_0058,2,2,2,2,0
RU_0059,5,5,5,5,0
RU_0060,2,2,2,2,0
RU_0061,2,2,2,2,0
RU_0062,5,5,5,5,0
RU_0063,7,7,7,7,0
RU_0064,6,6,6,6,0
RU_0065,3,3,3,3,0
RU_0066,1,1,1,1,0
RU_0067,1,1,1,1,0
RU_0068,8,8,8,8,0
RU_0069,4,4,4,4,0
RU_0070,2,2,2,2,0
RU_0071,1,1,1,1,0
RU_0072,1,1,1,1,0
RU_0073,1,1,1,1,0
RU_0074,1,1,1,1,0
RU_0075,2,2,2,2,0
RU_0076,1,1,1,1,0
RU_0077,2,2,2,2,0
RU_0078,3,3,3,3,0
RU_0079,1,1,1,1,0
RU_0080,1,1,1,1,0
RU_0081,1,1,1,1,0
RU_0082,1,1,1,1,0
RU_0083,1,1,1,1,0
RU_0084,5,5,5,5,0
RU_0085,1,1,1,1,0
RU_0086,1,1,1,1,0
RU_0087,3,3,3,3,0
RU_0088,5,5,5,5,0
RU_0089,3,3,3,3,0
RU_0090,2,2,2,2,0
RU_0091,2,2,2,2,0
RU_0092,1,1,1,1,0
SI_0001,4,4,4,4,0
SI_0002,7,7,7,7,0
SI_0003,8,8,8,8,0
SI_0004,6,6,6,6,0
SI_0005,4,4,4,4,0
SI_0006,3,3,3,3,0
SI_0007,6,6,6,6,0
SI_0008,3,3,3,3,0
SI_0009,2,2,2,2,0
SI_0010,3,3,3,3,0
SI_0011,2,2,2,2,0
SI_0012,3,3,3,3,0
SI_0013,2,2,2,2,0
SI_0014,5,5,5,5,0
SI_0015,3,3,3,3,0
SI_0016,5,5,5,5,0
SI_0017,2,2,2,2,0
SI_0018,2,2,2,2,0
SI_0019,1,1,1,1,0
SI_0020,3,3,3,3,0
SI_0021,2,2,2,2,0
SI_0022,5,5,5,5,0
SI_0023,1,1,1,1,0
SI_0024,2,2,2,2,0
SI_0025,3,3,3,3,0
SI_0026,1,1,1,1,0
SI_0027,2,2,2,2,0
SI_0028,1,1,1,1,0
SI_0029,1,1,1,1,0
SI_0030,6,6,6,6,0
SI_0031,3,3,3,3,0
SI_0032,4,4,4,4,0
SI_0033,4,4,4,4,0
SI_0034,7,7,7,7,0
SI_0035,1,1,1,1,0
SI_0036,3,3,3,3,0
SI_0037,1,1,1,1,0
SI_0038,4,4,4,4,0
SI_0039,3,3,3,3,0
SI_0040,2,2,2,2,0
SI_0041,3,3,3,3,0
SI_0042,4,4,4,4,0
SI_0043,3,3,3,3,0
SI_0044,5,5,5,5,0
SI_0045,7,7,7,7,0
SI_0046,4,4,4,4,0
SI_0047,4,4,4,4,0
SI_0048,8,8,8,8,0
SI_0049,6,6,6,6,0
SI_0050,4,4,4,4,0
SI_0051,1,1,1,1,0
SI_0052,2,2,2,2,0
SI_0053,2,2,2,2,0
SI_0054,2,2,2,2,0
SI_0055,3,3,3,3,0
SI_0056,2,2,2,2,0
SI_0057,4,4,4,4,0
SI_0058,4,4,4,4,0
SI_0059,6,6,6,6,0
SI_0060,1,1,1,1,0
SI_0061,2,2,2,2,0
SI_0062,3,3,3,3,0
SI_0063,6,6,6,6,0
SI_0064,2,2,2,2,0
SI_0065,2,2,2,2,0
SI_0066,7,7,7,7,0
SI_0067,2,2,2,2,0
SI_0068,5,5,5,5,0
SI_0069,3,3,3,3,0
SI_0070,2,2,2,2,0
SI_0071,7,7,7,7,0
SI_0072,3,3,3,3,0
SI_0073,6,6,6,6,0
SI_0074,3,3,3,3,0
SI_0075,5,5,5,5,0
SI_0076,8,8,8,8,0
SI_0077,3,3,3,3,0
SI_0078,3,3,3,3,0
SI_0079,2,2,2,2,0
SI_0080,7,7,7,7,0
SI_0081,3,3,3,3,0
SI_0082,3,3,3,3,0
SI_0083,3,3,3,3,0
SI_0084,6,6,6,6,0
SI_0085,3,3,3,3,0
SI_0086,8,8,8,8,0
SI_0087,2,2,2,2,0
SI_0088,2,2,2,2,0
SI_0089,4,4,4,4,0
SI_0090,6,6,6,6,0
SI_0091,3,3,3,3,0
SI_0092,4,4,4,4,0
TU_0001,2,2,2,2,0
TU_0002,2,2,2,2,0
TU_0003,2,2,2,2,0
TU_0004,2,2,2,2,0
TU_0005,3,3,3,3,0
TU_0006,3,3,3,3,0
TU_0007,6,6,6,6,0
TU_0008,7,7,7,7,0
TU_0009,7,7,7,7,0
TU_0010,5,5,5,5,0
TU_0011,7,7,7,7,0
TU_0012,5,5,5,5,0
TU_0013,4,4,4,4,0
TU_0014,6,6,6,6,0
TU_0015,1,1,1,1,0
TU_0016,1,1,1,1,0
TU_0017,5,5,5,5,0
TU_0018,4,4,4,4,0
TU_0019,1,1,1,1,0
TU_0020,3,3,3,3,0
TU_0021,6,6,6,6,0
TU_0022,3,3,3,3,0
TU_0023,2,2,2,2,0
TU_0024,4,4,4,4,0
TU_0025,8,8,8,8,0
TU_0026,6,6,6,6,0
TU_0027,3,3,3,3,0
TU_0028,1,1,1,1,0
TU_0029,3,3,3,3,0
TU_0030,5,5,5,5,0
TU_0031,6,6,6,6,0
TU_0032,1,1,1,1,0
TU_0033,7,7,7,7,0
TU_0034,2,2,2,2,0
TU_0035,7,7,7,7,0
TU_0036,1,1,1,1,0
TU_0037,3,3,3,3,0
TU_0038,1,1,1,1,0
TU_0039,3,3,3,3,0
TU_0040,1,1,1,1,0
TU_0041,2,2,2,2,0
TU_0042,5,5,5,5,0
TU_0043,4,4,4,4,0
TU_0044,5,5,5,5,0
TU_0045,4,4,4,4,0
TU_0046,1,1,1,1,0
TU_0047,4,4,4,4,0
TU_0048,2,2,2,2,0
TU_0049,2,2,2,2,0
TU_0050,1,1,1,1,0
TU_0051,4,4,4,4,0
TU_0052,4,4,4,4,0
TU_0053,6,6,6,6,0
TU_0054,3,3,3,3,0
TU_0055,1,1,1,1,0
TU_0056,4,4,4,4,0
TU_0057,2,2,2,2,0
TU_0058,7,7,7,7,0
TU_0059,8,8,8,8,0
TU_0060,6,6,6,6,0
TU_0061,7,7,7,7,0
TU_0062,2,2,2,2,0
TU_0063,2,2,2,2,0
TU_0064,5,5,5,5,0
TU_0065,7,7,7,7,0
TU_0066,2,2,2,2,0
TU_0067,7,7,7,7,0
TU_0068,8,8,8,8,0
TU_0069,3,3,3,3,0
TU_0070,1,1,1,1,0
TU_0071,2,2,2,2,0
TU_0072,2,2,2,2,0
TU_0073,2,2,2,2,0
TU_0074,5,5,5,5,0
TU_0075,5,5,5,5,0
TU_0076,5,5,5,5,0
TU_0077,6,6,6,6,0
TU_0078,3,3,3,3,0
TU_0079,2,2,2,2,0
TU_0080,5,5,5,5,0
TU_0081,3,3,3,3,0
TU_0082,2,2,2,2,0
TU_0083,2,2,2,2,0
TU_0084,4,4,4,4,0
TU_0085,3,3,3,3,0
TU_0086,1,1,1,1,0
TU_0087,4,4,4,4,0
TU_0088,6,6,6,6,0
TU_0089,6,6,6,6,0
TU_0090,4,4,4,4,0
TY_0001,3,3,3,3,0
TY_0002,6,6,6,6,0
TY_0003,8,8,8,8,0
TY_0004,2,2,2,2,0
TY_0005,2,2,2,2,0
TY_0006,6,6,6,6,0
TY_0007,3,3,3,3,0
TY_0008,2,2,2,2,0
TY_0009,3,3,3,3,0
TY_0010,3,3,3,3,0
TY_0011,1,1,1,1,0
TY_0012,4,4,4,4,0
TY_0013,4,4,4,4,0
TY_0014,5,5,5,5,0
TY_0015,1,1,1,1,0
TY_0016,2,2,2,2,0
TY_0017,3,3,3,3,0
TY_0018,4,4,4,4,0
TY_0019,1,1,1,1,0
TY_0020,5,5,5,5,0
TY_0021,2,2,2,2,0
TY_0022,4,4,4,4,0
TY_0023,3,3,3,3,0
TY_0024,4,4,4,4,0
TY_0025,6,6,6,6,0
TY_0026,5,5,5,5,0
TY_0027,1,1,1,1,0
TY_0028,3,3,3,3,0
TY_0029,2,2,2,2,0
TY_0030,3,3,3,3,0
TY_0031,3,3,3,3,0
TY_0032,1,1,1,1,0
TY_0033,7,7,7,7,0
TY_0034,2,2,2,2,0
TY_0035,2,2,2,2,0
TY_0036,2,2,2,2,0
TY_0037,1,1,1,1,0
TY_0038,1,1,1,1,0
TY_0039,4,4,4,4,0
TY_0040,6,6,6,6,0
TY_0041,1,1,1,1,0
TY_0042,5,5,5,5,0
TY_0043,2,2,2,2,0
TY_0044,2,2,2,2,0
TY_0045,1,1,1,1,0
TY_0046,2,2,2,2,0
TY_0047,2,2,2,2,0
TY_0048,1,1,1,1,0
TY_0049,5,5,5,5,0
TY_0050,2,2,2,2,0
TY_0051,1,1,1,1,0
TY_0052,5,5,5,5,0
TY_0053,1,1,1,1,0
TY_0054,5,5,5,5,0
TY_0055,5,5,5,5,0
TY_0056,3,3,3,3,0
TY_0057,2,2,2,2,0
TY_0058,4,4,4,4,0
TY_0059,3,3,3,3,0
TY_0060,4,4,4,4,0
TY_0061,1,1,1,1,0
TY_0062,1,1,1,1,0
TY_0063,2,2,2,2,0
TY_0064,2,2,2,2,0
TY_0065,3,3,3,3,0
TY_0066,1,1,1,1,0
TY_0067,3,3,3,3,0
TY_0068,2,2,2,2,0
TY_0069,1,1,1,1,0
TY_0070,1,1,1,1,0
TY_0071,1,1,1,1,0
TY_0072,2,2,2,2,0
TY_0073,4,4,4,4,0
TY_0074,3,3,3,3,0
TY_0075,3,3,3,3,0
TY_0076,4,4,4,4,0
TY_0077,5,5,5,5,0
TY_0078,2,2,2,2,0
TY_0079,4,4,4,4,0
TY_0080,2,2,2,2,0
TY_0081,4,4,4,4,0
TY_0082,2,2,2,2,0
TY_0083,4,4,4,4,0
TY_0084,2,2,2,2,0
TY_0085,4,4,4,4,0
TY_0086,2,2,2,2,0
TY_0087,2,2,2,2,0
TY_0088,5,5,5,5,0
TY_0089,3,3,3,3,0
VI_0001,4,4,4,4,0
VI_0002,7,7,7,7,0
VI_0003,6,6,6,6,0
VI_0004,4,4,4,4,0
VI_0005,5,5,5,5,0
VI_0006,3,3,3,3,0
VI_0007,2,2,2,2,0
VI_0008,5,5,5,5,0
VI_0009,4,4,4,4,0
VI_0010,1,1,1,1,0
VI_0011,2,2,2,2,0
VI_0012,3,3,3,3,0
VI_0013,6,6,6,6,0
VI_0014,5,5,5,5,0
VI_0015,8,8,8,8,0
VI_0016,4,4,4,4,0
VI_0017,7,7,7,7,0
VI_0018,5,5,5,5,0
VI_0019,4,4,4,4,0
VI_0020,6,6,6,6,0
VI_0021,5,5,5,5,0
VI_0022,8,8,8,8,0
VI_0023,4,4,4,4,0
VI_0024,3,3,3,3,0
VI_0025,4,4,4,4,0
VI_0026,5,5,5,5,0
VI_0027,3,3,3,3,0
VI_0028,3,3,3,3,0
VI_0029,3,3,3,3,0
VI_0030,2,2,2,2,0
VI_0031,2,2,2,2,0
VI_0032,5,5,5,5,0
VI_0033,4,4,4,4,0
VI_0034,2,2,2,2,0
VI_0035,6,6,6,6,0
VI_0036,4,4,4,4,0
VI_0037,1,1,1,1,0
VI_0038,6,6,6,6,0
VI_0039,4,4,4,4,0
VI_0040,2,2,2,2,0
VI_0041,1,1,1,1,0
VI_0042,5,5,5,5,0
VI_0043,4,4,4,4,0
VI_0044,4,4,4,4,0
VI_0045,2,2,2,2,0
VI_0046,2,2,2,2,0
VI_0047,5,5,5,5,0
VI_0048,6,6,6,6,0
VI_0049,5,5,5,5,0
VI_0050,6,6,6,6,0
VI_0051,5,5,5,5,0
VI_0052,5,5,5,5,0
VI_0053,6,6,6,6,0
VI_0054,4,4,4,4,0
VI_0055,5,5,5,5,0
VI_0056,4,4,4,4,0
VI_0057,3,3,3,3,0
VI_0058,4,4,4,4,0
VI_0059,5,5,5,5,0
VI_0060,8,8,8,8,0
VI_0061,5,5,5,5,0
VI_0062,6,6,6,6,0
VI_0063,5,5,5,5,0
VI_0064,5,5,5,5,0
VI_0065,5,5,5,5,0
VI_0066,6,6,6,6,0
VI_0067,5,5,5,5,0
VI_0068,5,5,5,5,0
VI_0069,6,6,6,6,0
VI_0070,4,4,4,4,0
VI_0071,4,4,4,4,0
VI_0072,3,3,3,3,0
VI_0073,2,2,2,2,0
VI_0074,3,3,3,3,0
VI_0075,1,1,1,1,0
VI_0076,5,5,5,5,0
VI_0077,5,5,5,5,0
VI_0078,4,4,4,4,0
VI_0079,1,1,1,1,0
VI_0080,3,3,3,3,0
VI_0081,3,3,3,3,0
VI_0082,2,2,2,2,0
VI_0083,4,4,4,4,0
VI_0084,4,4,4,4,0
VI_0085,2,2,2,2,0
WCH_0001,4,4,4,4,0
WCH_0002,5,5,5,5,0
WCH_0003,1,1,1,1,0
WCH_0004,1,1,1,1,0
WCH_0005,2,2,2,2,0
WCH_0006,2,2,2,2,0
WCH_0007,6,6,6,6,0
WCH_0008,6,6,6,6,0
WCH_0009,4,4,4,4,0
WCH_0010,3,3,3,3,0
WCH_0011,3,3,3,3,0
WCH_0012,2,2,2,2,0
WCH_0013,6,6,6,6,0
WCH_0014,4,4,4,4,0
WCH_0015,2,2,2,2,0
WCH_0016,7,7,7,7,0
WCH_0017,5,5,5,5,0
WCH_0018,3,3,3,3,0
WCH_0019,3,3,3,3,0
WCH_0020,7,7,7,7,0
WCH_0021,6,6,6,6,0
WCH_0022,5,5,5,5,0
WCH_0023,2,2,2,2,0
WCH_0024,1,1,1,1,0
WCH_0025,3,3,3,3,0
WCH_0026,4,4,4,4,0
WCH_0027,8,8,8,8,0
WCH_0028,3,3,3,3,0
WCH_0029,1,1,1,1,0
WCH_0030,1,1,1,1,0
WCH_0031,3,3,3,3,0
WCH_0032,2,2,2,2,0
WCH_0033,1,1,1,1,0
WCH_0034,3,3,3,3,0
WCH_0035,5,5,5,5,0
WCH_0036,5,5,5,5,0
WCH_0037,2,2,2,2,0
WCH_0038,7,7,7,7,0
WCH_0039,3,3,3,3,0
WCH_0040,2,2,2,2,0
WCH_0041,2,2,2,2,0
WCH_0042,1,1,1,1,0
WCH_0043,3,3,3,3,0
WCH_0044,2,2,2,2,0
WCH_0045,3,3,3,3,0
WCH_0046,1,1,1,1,0
WCH_0047,6,6,6,6,0
WCH_0048,7,7,7,7,0
WCH_0049,2,2,2,2,0
WCH_0050,5,5,5,5,0
WCH_0051,2,2,2,2,0
WCH_0052,1,1,1,1,0
WCH_0053,2,2,2,2,0
WCH_0054,5,5,5,5,0
WCH_0055,4,4,4,4,0
WCH_0056,3,3,3,3,0
WCH_0057,3,3,3,3,0
WCH_0058,2,2,2,2,0
WCH_0059,8,8,8,8,0
WCH_0060,5,5,5,5,0
WCH_0061,2,2,2,2,0
WCH_0062,3,3,3,3,0
WCH_0063,3,3,3,3,0
WCH_0064,6,6,6,6,0
WCH_0065,4,4,4,4,0
WCH_0066,5,5,5,5,0
WCH_0067,4,4,4,4,0
WCH_0068,3,3,3,3,0
WCH_0069,5,5,5,5,0
WCH_0070,4,4,4,4,0
WCH_0071,6,6,6,6,0
WCH_0072,1,1,1,1,0
WCH_0073,3,3,3,3,0
WCH_0074,1,1,1,1,0
WCH_0075,2,2,2,2,0
WCH_0076,6,6,6,6,0
WCH_0077,4,4,4,4,0
WCH_0078,2,2,2,2,0
WCH_0079,2,2,2,2,0
WCH_0080,1,1,1,1,0
WCH_0081,8,8,8,8,0
WCH_0082,2,2,2,2,0
WCH_0083,7,7,7,7,0
WCH_0084,8,8,8,8,0
WCH_0085,2,2,2,2,0
WCH_0086,3,3,3,3,0
WCH_0087,2,2,2,2,0
WCH_0088,3,3,3,3,0
WCH_0089,2,2,2,2,0
WCH_0090,4,4,4,4,0
WCH_0091,1,1,1,1,0
WCH_0092,2,2,2,2,0
WCH_0093,3,3,3,3,0
WCH_0094,5,5,5,5,0
WCH_0095,5,5,5,5,0
WCL_0001,3,3,3,3,0
WCL_0002,5,5,5,5,0
WCL_0003,8,8,8,8,0
WCL_0004,1,1,1,1,0
WCL_0005,2,2,2,2,0
WCL_0006,3,3,3,3,0
WCL_0007,7,7,7,7,0
WCL_0008,8,8,8,8,0
WCL_0009,3,3,3,3,0
WCL_0010,1,1,1,1,0
WCL_0011,2,2,2,2,0
WCL_0012,4,4,4,4,0
WCL_0013,2,2,2,2,0
WCL_0014,2,2,2,2,0
WCL_0015,8,8,8,8,0
WCL_0016,3,3,3,3,0
WCL_0017,2,2,2,2,0
WCL_0018,2,2,2,2,0
WCL_0019,2,2,2,2,0
WCL_0020,2,2,2,2,0
WCL_0021,2,2,2,2,0
WCL_0022,2,2,2,2,0
WCL_0023,2,2,2,2,0
WCL_0024,2,2,2,2,0
WCL_0025,2,2,2,2,0
WCL_0026,5,5,5,5,0
WCL_0027,2,2,2,2,0
WCL_0028,2,2,2,2,0
WCL_0029,4,4,4,4,0
WCL_0030,2,2,2,2,0
WCL_0031,2,2,2,2,0
WCL_0032,8,8,8,8,0
WCL_0033,1,1,1,1,0
WCL_0034,2,2,2,2,0
WCL_0035,2,2,2,2,0
WCL_0036,4,4,4,4,0
WCL_0037,5,5,5,5,0
WCL_0038,5,5,5,5,0
WCL_0039,1,1,1,1,0
WCL_0040,5,5,5,5,0
WCL_0041,2,2,2,2,0
WCL_0042,2,2,2,2,0
WCL_0043,2,2,2,2,0
WCL_0044,2,2,2,2,0
WCL_0045,2,2,2,2,0
WCL_0046,6,6,6,6,0
WCL_0047,2,2,2,2,0
WCL_0048,8,8,8,8,0
WCL_0049,3,3,3,3,0
WCL_0050,6,6,6,6,0
WCL_0051,2,2,2,2,0
WCL_0052,2,2,2,2,0
WCL_0053,2,2,2,2,0
WCL_0054,2,2,2,2,0
WCL_0055,2,2,2,2,0
WCL_0056,1,1,1,1,0
WCL_0057,3,3,3,3,0
WCL_0058,5,5,5,5,0
WCL_0059,3,3,3,3,0
WCL_0060,2,2,2,2,0
WCL_0061,8,8,8,8,0
WCL_0062,6,6,6,6,0
WCL_0063,2,2,2,2,0
WCL_0064,5,5,5,5,0
WCL_0065,8,8,8,8,0
WCL_0066,3,3,3,3,0
WCL_0067,3,3,3,3,0
WCL_0068,5,5,5,5,0
WCL_0069,5,5,5,5,0
WCL_0070,1,1,1,1,0
WCL_0071,1,1,1,1,0
WCL_0072,4,4,4,4,0
WCL_0073,3,3,3,3,0
WCL_0074,2,2,2,2,0
WCL_0075,2,2,2,2,0
WCL_0076,2,2,2,2,0
WCL_0077,2,2,2,2,0
WCL_0078,2,2,2,2,0
WCL_0079,2,2,2,2,0
WCL_0080,4,4,4,4,0
WCL_0081,3,3,3,3,0
WCL_0082,3,3,3,3,0
WCL_0083,2,2,2,2,0
WCL_0084,5,5,5,5,0
WCL_0085,2,2,2,2,0
WCL_0086,6,6,6,6,0
WCL_0087,4,4,4,4,0
WCL_0088,2,2,2,2,0
WCL_0089,7,7,7,7,0
WCL_0090,2,2,2,2,0
WH_0001,2,2,2,2,0
WH_0002,3,3,3,3,0
WH_0003,5,5,5,5,0
WH_0004,4,4,4,4,0
WH_0005,5,5,5,5,0
WH_0006,2,2,2,2,0
WH_0007,1,1,1,1,0
WH_0008,1,1,1,1,0
WH_0009,5,5,5,5,0
WH_0010,3,3,3,3,0
WH_0011,2,2,2,2,0
WH_0012,2,2,2,2,0
WH_0013,3,3,3,3,0
WH_0014,6,6,6,6,0
WH_0015,3,3,3,3,0
WH_0016,5,5,5,5,0
WH_0017,3,3,3,3,0
WH_0018,1,1,1,1,0
WH_0019,4,4,4,4,0
WH_0020,3,3,3,3,0
WH_0021,2,2,2,2,0
WH_0022,6,6,6,6,0
WH_0023,3,3,3,3,0
WH_0024,2,2,2,2,0
WH_0025,2,2,2,2,0
WH_0026,1,1,1,1,0
WH_0027,2,2,2,2,0
WH_0028,3,3,3,3,0
WH_0029,2,2,2,2,0
WH_0030,3,3,3,3,0
WH_0031,7,7,7,7,0
WH_0032,8,8,8,8,0
WH_0033,1,1,1,1,0
WH_0034,4,4,4,4,0
WH_0035,3,3,3,3,0
WH_0036,1,1,1,1,0
WH_0037,3,3,3,3,0
WH_0038,1,1,1,1,0
WH_0039,4,4,4,4,0
WH_0040,2,2,2,2,0
WH_0041,6,6,6,6,0
WH_0042,2,2,2,2,0
WH_0043,3,3,3,3,0
WH_0044,1,1,1,1,0
WH_0045,2,2,2,2,0
WH_0046,1,1,1,1,0
WH_0047,1,1,1,1,0
WH_0048,2,2,2,2,0
WH_0049,4,4,4,4,0
WH_0050,5,5,5,5,0
WH_0051,8,8,8,8,0
WH_0052,2,2,2,2,0
WH_0053,2,2,2,2,0
WH_0054,2,2,2,2,0
WH_0055,1,1,1,1,0
WH_0056,6,6,6,6,0
WH_0057,2,2,2,2,0
WH_0058,1,1,1,1,0
WH_0059,2,2,2,2,0
WH_0060,3,3,3,3,0
WH_0061,6,6,6,6,0
WH_0062,5,5,5,5,0
WH_0063,3,3,3,3,0
WH_0064,1,1,1,1,0
WH_0065,3,3,3,3,0
WH_0066,2,2,2,2,0
WH_0067,4,4,4,4,0
WH_0068,5,5,5,5,0
WH_0069,4,4,4,4,0
WH_0070,4,4,4,4,0
WH_0071,4,4,4,4,0
WH_0072,3,3,3,3,0
WH_0073,3,3,3,3,0
WH_0074,3,3,3,3,0
WH_0075,4,4,4,4,0
WH_0076,1,1,1,1,0
WH_0077,2,2,2,2,0
WH_0078,3,3,3,3,0
WH_0079,3,3,3,3,0
WH_0080,4,4,4,4,0
WH_0081,1,1,1,1,0
WH_0082,4,4,4,4,0
WH_0083,6,6,6,6,0
WH_0084,6,6,6,6,0
WH_0085,2,2,2,2,0
WH_0086,2,2,2,2,0
WH_0087,4,4,4,4,0
WH_0088,2,2,2,2,0
WH_0089,2,2,2,2,0
WH_0090,3,3,3,3,0
WH_0091,1,1,1,1,0
WT_0001,4,4,4,4,0
WT_0002,3,3,3,3,0
WT_0003,8,8,8,8,0
WT_0004,4,4,4,4,0
WT_0005,5,5,5,5,0
WT_0006,5,5,5,5,0
WT_0007,5,5,5,5,0
WT_0008,4,4,4,4,0
WT_0009,4,4,4,4,0
WT_0010,6,6,6,6,0
WT_0011,6,6,6,6,0
WT_0012,6,6,6,6,0
WT_0013,3,3,3,3,0
WT_0014,6,6,6,6,0
WT_0015,4,4,4,4,0
WT_0016,1,1,1,1,0
WT_0017,7,7,7,7,0
WT_0018,4,4,4,4,0
WT_0019,6,6,6,6,0
WT_0020,3,3,3,3,0
WT_0021,2,2,2,2,0
WT_0022,4,4,4,4,0
WT_0023,6,6,6,6,0
WT_0024,7,7,7,7,0
WT_0025,6,6,6,6,0
WT_0026,5,5,5,5,0
WT_0027,4,4,4,4,0
WT_0028,4,4,4,4,0
WT_0029,7,7,7,7,0
WT_0030,3,3,3,3,0
WT_0031,3,3,3,3,0
WT_0032,6,6,6,6,0
WT_0033,4,4,4,4,0
WT_0034,4,4,4,4,0
WT_0035,1,1,1,1,0
WT_0036,1,1,1,1,0
WT_0037,2,2,2,2,0
WT_0038,4,4,4,4,0
WT_0039,4,4,4,4,0
WT_0040,7,7,7,7,0
WT_0041,6,6,6,6,0
WT_0042,5,5,5,5,0
WT_0043,2,2,2,2,0
WT_0044,7,7,7,7,0
WT_0045,4,4,4,4,0
WT_0046,4,4,4,4,0
WT_0047,5,5,5,5,0
WT_0048,4,4,4,4,0
WT_0049,5,5,5,5,0
WT_0050,3,3,3,3,0
WT_0051,6,6,6,6,0
WT_0052,4,4,4,4,0
WT_0053,1,1,1,1,0
WT_0054,3,3,3,3,0
WT_0055,5,5,5,5,0
WT_0056,5,5,5,5,0
WT_0057,4,4,4,4,0
WT_0058,1,1,1,1,0
WT_0059,1,1,1,1,0
WT_0060,6,6,6,6,0
WT_0061,2,2,2,2,0
WT_0062,1,1,1,1,0
WT_0063,4,4,4,4,0
WT_0064,3,3,3,3,0
WT_0065,2,2,2,2,0
WT_0066,4,4,4,4,0
WT_0067,4,4,4,4,0
WT_0068,4,4,4,4,0
WT_0069,6,6,6,6,0
WT_0070,4,4,4,4,0
WT_0071,7,7,7,7,0
WT_0072,2,2,2,2,0
WT_0073,7,7,7,7,0
WT_0074,2,2,2,2,0
WT_0075,6,6,6,6,0
WT_0076,8,8,8,8,0
WT_0077,5,5,5,5,0
WT_0078,2,2,2,2,0
WT_0079,3,3,3,3,0
WT_0080,4,4,4,4,0
WT_0081,2,2,2,2,0
WT_0082,5,5,5,5,0
WT_0083,8,8,8,8,0
WT_0084,4,4,4,4,0
WT_0085,5,5,5,5,0
WT_0086,3,3,3,3,0
WT_0087,6,6,6,6,0
WT_0088,4,4,4,4,0
WT_0089,5,5,5,5,0
WT_0090,4,4,4,4,0
WT_0091,4,4,4,4,0
WT_0092,6,6,6,6,0
XX_0001,2,2,2,2,0
XX_0002,1,1,1,1,0
XX_0003,2,2,2,2,0
XX_0004,1,1,1,1,0
XX_0005,1,1,1,1,0
XX_0006,1,1,1,1,0
XX_0007,3,3,3,3,0
XX_0008,2,2,2,2,0
XX_0009,2,2,2,2,0
XX_0010,5,5,5,5,0
XX_0011,6,6,6,6,0
XX_0012,1,1,1,1,0
XX_0013,2,2,2,2,0
XX_0014,4,4,4,4,0
XX_0015,6,6,6,6,0
XX_0016,1,1,1,1,0
XX_0017,5,5,5,5,0
XX_0018,2,2,2,2,0
XX_0019,2,2,2,2,0
XX_0020,3,3,3,3,0
XX_0021,1,1,1,1,0
XX_0022,2,2,2,2,0
XX_0023,2,2,2,2,0
XX_0024,2,2,2,2,0
XX_0025,8,8,8,8,0
XX_0026,2,2,2,2,0
XX_0027,6,6,6,6,0
XX_0028,2,2,2,2,0
XX_0029,2,2,2,2,0
XX_0030,1,1,1,1,0
XX_0031,1,1,1,1,0
XX_0032,3,3,3,3,0
XX_0033,2,2,2,2,0
XX_0034,1,1,1,1,0
XX_0035,3,3,3,3,0
XX_0036,5,5,5,5,0
XX_0037,2,2,2,2,0
XX_0038,3,3,3,3,0
XX_0039,8,8,8,8,0
XX_0040,4,4,4,4,0
XX_0041,5,5,5,5,0
XX_0042,3,3,3,3,0
XX_0043,5,5,5,5,0
XX_0044,2,2,2,2,0
XX_0045,3,3,3,3,0
XX_0046,3,3,3,3,0
XX_0047,5,5,5,5,0
XX_0048,1,1,1,1,0
XX_0049,4,4,4,4,0
XX_0050,4,4,4,4,0
XX_0051,3,3,3,3,0
XX_0052,2,2,2,2,0
XX_0053,2,2,2,2,0
XX_0054,3,3,3,3,0
XX_0055,3,3,3,3,0
XX_0056,4,4,4,4,0
XX_0057,2,2,2,2,0
XX_0058,3,3,3,3,0
XX_0059,3,3,3,3,0
XX_0060,1,1,1,1,0
XX_0061,3,3,3,3,0
XX_0062,6,6,6,6,0
XX_0063,2,2,2,2,0
XX_0064,5,5,5,5,0
XX_0065,2,2,2,2,0
XX_0066,4,4,4,4,0
XX_0067,2,2,2,2,0
XX_0068,2,2,2,2,0
XX_0069,1,1,1,1,0
XX_0070,5,5,5,5,0
XX_0071,1,1,1,1,0
XX_0072,4,4,4,4,0
XX_0073,3,3,3,3,0
XX_0074,4,4,4,4,0
XX_0075,1,1,1,1,0
XX_0076,6,6,6,6,0
XX_0077,5,5,5,5,0
XX_0078,5,5,5,5,0
XX_0079,3,3,3,3,0
XX_0080,2,2,2,2,0
XX_0081,5,5,5,5,0
XX_0082,2,2,2,2,0
XX_0083,5,5,5,5,0
XX_0084,2,2,2,2,0
XX_0085,2,2,2,2,0
XX_0086,2,2,2,2,0
XX_0087,8,8,8,8,0
XX_0088,6,6,6,6,0
XX_0089,3,3,3,3,0
XX_0090,2,2,2,2,0
XX_0091,3,3,3,3,0
XX_0092,1,1,1,1,0
XX_0093,4,4,4,4,0
XX_0094,4,4,4,4,0
