feature,rho_actual,ci_lo_actual,ci_hi_actual,p_actual,pearson_r_actual,pearson_p_actual,n_actual,q_actual,flagged_actual,rho_perceived,ci_lo_perceived,ci_hi_perceived,p_perceived,pearson_r_perceived,pearson_p_perceived,n_perceived,q_perceived,flagged_perceived,divergent
F3frequency_sma3nz_stddevNorm,-0.20576792175731642,-0.456070076541851,0.09595457739425019,0.15168924572872738,-0.23906154894017684,0.09452313963316977,50,0.9945515093744767,False,-0.31414643961345456,-0.5415712345769491,-0.04184036214024797,0.026300515020366927,-0.33623874996921516,0.016968008386057918,50,0.913294512227967,False,False
mfcc1V_sma3nz_amean,-0.2312541040228414,-0.4953687159149482,0.06587435975345123,0.10612856075047322,-0.16381784700872318,0.2556350497210557,50,0.9945515093744767,False,-0.3088154115142199,-0.5484538246588198,-0.03443980841557186,0.029104660027348603,-0.26280140323875956,0.06520604089621079,50,0.913294512227967,False,False
F3bandwidth_sma3nz_stddevNorm,0.03965081344497017,-0.22465590001141167,0.30376755205774686,0.7845537206459245,0.04952223976006962,0.7327062438605989,50,0.9945515093744767,False,0.2955598821863934,0.026586712361395898,0.5339639962697275,0.03717194592681529,0.315007099612926,0.025869727700650873,50,0.913294512227967,False,False
mfcc1_sma3_amean,-0.25024181750353136,-0.5060527586842656,0.03326775345319964,0.07964880307234785,-0.24079988886327025,0.09207857285835468,50,0.9945515093744767,False,-0.2771654338800254,-0.5437733613335274,0.04049642980812968,0.051337260979686404,-0.25493102850888405,0.0739874865206891,50,0.913294512227967,False,False
F0semitoneFrom27.5Hz_sma3nz_pctlrange0-2,0.2751695376078596,0.012341677812232677,0.5145028341700351,0.053107365292600746,0.2150389803834102,0.13369142230061926,50,0.9945515093744767,False,0.27625291555673304,0.03580253578092924,0.5015137345314028,0.052140520706347684,0.2591860184104432,0.06913053393356725,50,0.913294512227967,False,False
F1frequency_sma3nz_stddevNorm,-0.12301398332543244,-0.41189539415183835,0.15377033985288557,0.3947257087369539,-0.12357384601273441,0.39256114111266405,50,0.9945515093744767,False,-0.2564656761253397,-0.5010166077978083,0.015306927803962025,0.07220551429207926,-0.27233568121961016,0.055705117431834414,50,0.913294512227967,False,False
jitterLocal_sma3nz_amean,0.2858310879579796,0.012829972841056627,0.5427092177943976,0.04419815561384884,0.19820903651816926,0.16763766243154857,50,0.9945515093744767,False,0.2560814578839534,-0.023613547206964323,0.5127211021367188,0.07264842710904283,0.2819786272242852,0.047264758995292804,50,0.913294512227967,False,False
F2frequency_sma3nz_stddevNorm,-0.1010308818892326,-0.39373318325868073,0.18650198855264963,0.4851043339406118,-0.14445491452646642,0.3168862340080576,50,0.9945515093744767,False,-0.238791637021571,-0.48943944877176376,0.04620154145878423,0.09490718265288195,-0.3042287061896916,0.03171264289758459,50,0.918415849995497,False,False
VoicedSegmentsPerSec,0.18759251687473083,-0.085468946305661,0.44327007880076114,0.19204767828816077,0.23113106172392167,0.10631983438766743,50,0.9945515093744767,False,0.2268808715385964,-0.07677410199206643,0.5081347159892713,0.11309071607614105,0.30536057763814545,0.031051688568511652,50,0.918415849995497,False,False
F2bandwidth_sma3nz_stddevNorm,0.1267201413042837,-0.13709421204700134,0.3728040352027459,0.38052697576266814,0.13476618268656027,0.35076606245242725,50,0.9945515093744767,False,0.2201090250341633,-0.061470793114424715,0.4866489395023909,0.12455184707524841,0.20309625740370452,0.1571929706281289,50,0.918415849995497,False,False
logRelF0-H1-H2_sma3nz_stddevNorm,0.24282950154582886,-0.023740078429776018,0.49067515064700357,0.08928694198110596,0.264969532201038,0.06293923035686175,50,0.9945515093744767,False,0.21482602421510197,-0.07752479474905102,0.49065616271553086,0.13408601547843124,0.37345930132775307,0.007554054875075689,50,0.918415849995497,False,False
F0semitoneFrom27.5Hz_sma3nz_percentile80.0,0.05219082742820658,-0.2419613434118993,0.3354855935319583,0.718879917531352,0.07825366624704903,0.5890791112774317,50,0.9945515093744767,False,0.2122805783659179,-0.08578389602863497,0.4705942864769673,0.13887029373068951,0.21005640963962607,0.14315394260690162,50,0.918415849995497,False,False
MeanVoicedSegmentLengthSec,-0.08630778854859066,-0.36160937516517544,0.18581127163628572,0.5511978939054827,-0.14258084087628,0.3232717254346479,50,0.9945515093744767,False,-0.18687414715425033,-0.48022894213285167,0.1360117722228703,0.19378624912303893,-0.1565572114591111,0.27759455048602383,50,0.918415849995497,False,False
mfcc1V_sma3nz_stddevNorm,-0.0813323983852013,-0.35985953364125883,0.2035622064099683,0.5744619185602641,0.0378349853797952,0.7942001483978796,50,0.9945515093744767,False,-0.1779410730420194,-0.4399559389303412,0.0973829958876317,0.2163456968736843,-0.1827211165165192,0.20405679011189687,50,0.918415849995497,False,False
mfcc3_sma3_amean,0.022490794310015095,-0.28126897818470536,0.31471995404784575,0.8767968485942299,0.07140926096993644,0.6221551357952568,50,0.9945515093744767,False,-0.17001657181342747,-0.4595172899750295,0.1442854659409265,0.23783756549266163,-0.10239786562632439,0.4791862501304678,50,0.918415849995497,False,False
mfcc4V_sma3nz_stddevNorm,-0.006447699497453537,-0.278746312016969,0.2763454198894302,0.9645541596424068,-0.05317613549234847,0.7137970669674936,50,0.9945515093744767,False,-0.1617078523434492,-0.41797321685451466,0.10430064258883064,0.2618924319675616,-0.17656343422537762,0.21998123157198216,50,0.918415849995497,False,False
F1amplitudeLogRelF0_sma3nz_stddevNorm,0.020206176377846514,-0.26414382738837494,0.2974177467769011,0.8892292411863368,0.00971169611763207,0.9466321111949509,50,0.9945515093744767,False,0.15661696064508104,-0.1576094290847222,0.44628532542853383,0.27740891613322755,0.1239815476566718,0.39098926002960754,50,0.918415849995497,False,False
loudness_sma3_stddevNorm,-0.06843699939029424,-0.33840936085087986,0.21853995363173248,0.6367574873045452,-0.0821299063989398,0.5707028097324737,50,0.9945515093744767,False,-0.15532022408040239,-0.4075192525282419,0.11829554973405386,0.28145614308510997,-0.13321939438907776,0.3563734529714092,50,0.918415849995497,False,False
mfcc3V_sma3nz_amean,0.0057876987614937266,-0.29052405515888574,0.2941191241311485,0.9681805044971645,0.07117359707627628,0.6233077788475171,50,0.9945515093744767,False,-0.1459068771664386,-0.4331767718253672,0.16696358584974158,0.3119944703989793,-0.0980045739301723,0.49834128543595524,50,0.918415849995497,False,False
loudness_sma3_percentile20.0,0.20663099964280235,-0.07636347809590009,0.46918626758933857,0.1499420102072676,0.2501716498037737,0.07973603463268025,50,0.9945515093744767,False,0.1440338132396805,-0.14817887027064044,0.4136657012958472,0.3183140166693324,0.16251660586624106,0.2594819970052756,50,0.918415849995497,False,False
F2amplitudeLogRelF0_sma3nz_amean,-0.05736929474112202,-0.31479268747618927,0.22245247180602687,0.6923056818149034,-0.0815512264609234,0.5734293283907019,50,0.9945515093744767,False,-0.14388973139916064,-0.4191757709143524,0.1467047628774888,0.3188034748312971,-0.17374115016488137,0.22756115033268287,50,0.918415849995497,False,False
F1amplitudeLogRelF0_sma3nz_amean,-0.029243109531757773,-0.2960709061222727,0.24060036776749105,0.8402349258104445,-0.08122661762881996,0.5749613745202444,50,0.9945515093744767,False,-0.14134428554997655,-0.4171795147897716,0.1693611831357414,0.32752916708484536,-0.18217102679448685,0.20544540195432867,50,0.918415849995497,False,False
F0semitoneFrom27.5Hz_sma3nz_stddevNorm,0.15058170637359994,-0.1029624437541057,0.3968938793443627,0.29657393572319163,0.1624176205913114,0.25977621417389185,50,0.9945515093744767,False,0.1396153034637383,-0.13993647597275752,0.3995249867883551,0.33354081964838733,0.18315150795938825,0.20297495794674414,50,0.918415849995497,False,False
F3amplitudeLogRelF0_sma3nz_amean,-0.042290816388809424,-0.3228660055676556,0.2292197545049772,0.7705862874326966,-0.0753483814628153,0.6030232014334834,50,0.9945515093744767,False,-0.13875081242061918,-0.41663465999028537,0.15601249816075308,0.3365723278397038,-0.176875137660123,0.21915496682874686,50,0.918415849995497,False,False
HNRdBACF_sma3nz_stddevNorm,0.10900166000813186,-0.1450705002736527,0.35918662733256124,0.4511418012638264,-0.13196135334348255,0.3609741835520541,50,0.9945515093744767,False,0.13510073912744955,-0.17168439008799202,0.4337121650176809,0.349560398444255,-0.18381804805965368,0.20130753603474044,50,0.918415849995497,False,False
F3bandwidth_sma3nz_amean,-0.013047706857051646,-0.30856999607604413,0.2741781592844132,0.9283416980553214,-0.005720837514135487,0.9685479074262139,50,0.9945515093744767,False,0.1328434569593052,-0.15071639055295785,0.3974520962338316,0.35774451338818136,0.13973491165758267,0.33312273761103006,50,0.918415849995497,False,False
alphaRatioV_sma3nz_amean,0.11773397743775396,-0.17690534310263348,0.40026222711465087,0.4154810492976918,0.1120073991869856,0.4386817324040325,50,0.9945515093744767,False,0.12924141094630884,-0.20499622826257038,0.4286989638003989,0.3710437701270144,0.11159702222668719,0.44037154244724597,50,0.918415849995497,False,False
F0semitoneFrom27.5Hz_sma3nz_meanRisingSlope,0.2268879453080304,-0.05499127483363895,0.47588424940659974,0.11307918006635771,0.28302840995040796,0.046412438436326434,50,0.9945515093744767,False,0.12861705630405615,-0.1369962841555693,0.3798311286427521,0.37337880724877304,0.13077108598381668,0.3653601100841768,50,0.918415849995497,False,False
HNRdBACF_sma3nz_amean,-0.10067549687756193,-0.3597187129567159,0.1531917703585599,0.4866491552243103,-0.07276123345643602,0.6155599694447741,50,0.9945515093744767,False,-0.12698412877816448,-0.4269848224866127,0.1710037887917992,0.3795273419276687,-0.148406174178211,0.30368768729774215,50,0.918415849995497,False,False
mfcc3V_sma3nz_stddevNorm,-0.05488159965942735,-0.35408975187944514,0.2504385396106192,0.705028304156808,0.0738841229192457,0.6101050489301605,50,0.9945515093744767,False,0.12352616460568797,-0.19585959556745652,0.42478905569548386,0.39274521728671163,0.24472390325277757,0.08674126412196084,50,0.918415849995497,False,False
F0semitoneFrom27.5Hz_sma3nz_stddevRisingSlope,0.1772355822489,-0.09997527401695512,0.44477895267509787,0.2182021921933702,0.09493043374435595,0.511975413377742,50,0.9945515093744767,False,0.12290180996343528,-0.19214734637534805,0.4053974466048135,0.3951602376672836,0.06719824074700644,0.6428843470269663,50,0.918415849995497,False,False
F1bandwidth_sma3nz_stddevNorm,-0.04305235569953228,-0.3247005679765774,0.24787994850732906,0.766570358711221,-0.07393040043171097,0.6098806825250155,50,0.9945515093744767,False,-0.12237350988152913,-0.37521201996954234,0.1332368273615353,0.39721048943948656,-0.14894897628442771,0.30190259208212,50,0.918415849995497,False,False
mfcc3_sma3_stddevNorm,-0.05884160407518621,-0.3463598130501721,0.25829680944889616,0.6848151124375386,0.0513911224107383,0.723014192033021,50,0.9945515093744767,False,0.12141296427806343,-0.16674938580014348,0.40990475944232135,0.4009540961408863,0.23143358331353814,0.10585002771932145,50,0.918415849995497,False,False
F2bandwidth_sma3nz_amean,-0.10494011701760993,-0.3782779184399657,0.18954194386316936,0.4682823573371573,-0.10887170827014367,0.45168484301723555,50,0.9945515093744767,False,-0.11953990035130535,-0.38772511149814554,0.18423897116439739,0.4083128660191454,-0.14258706715327849,0.32325037724443245,50,0.918415849995497,False,False
mfcc4_sma3_stddevNorm,0.1363155366193917,-0.15717454927618457,0.4574768822965247,0.34520400317618305,0.1694379846815786,0.23946196056234792,50,0.9945515093744767,False,-0.11857935474783965,-0.41050180597675723,0.18316212473481333,0.4121166045139578,0.08515201154829541,0.5565618773845971,50,0.918415849995497,False,False
StddevVoicedSegmentLengthSec,-0.027770800197693582,-0.31478585058553227,0.2699522517212831,0.848181420109837,-0.12204796351763299,0.39847697266810655,50,0.9945515093744767,False,-0.11555363609692273,-0.4008246732482871,0.19326364092343207,0.42423055987819047,-0.23674122696266345,0.09786425143578745,50,0.918415849995497,False,False
spectralFlux_sma3_stddevNorm,-0.007209238808176395,-0.2956688614098706,0.27816147561748794,0.9603708022306703,0.017817873595911443,0.9022540824180751,50,0.9945515093744767,False,-0.10633239830365208,-0.3748724342484134,0.17290950965930976,0.46236764586116896,-0.18141328155380562,0.20736907574026964,50,0.918415849995497,False,False
loudness_sma3_pctlrange0-2,0.013656938305629933,-0.26264842352294004,0.28122974310077725,0.9250051306883803,0.09509460326745377,0.5112425728097547,50,0.9945515093744767,False,-0.10508368901914668,-0.3514073231919029,0.15274615297352467,0.46767056279537667,-0.14056562579120274,0.33022807826802664,50,0.918415849995497,False,False
F0semitoneFrom27.5Hz_sma3nz_percentile20.0,-0.21891716718913112,-0.4554182816171816,0.038433796038284375,0.12665670563804557,-0.17474454539297166,0.22484591544228866,50,0.9945515093744767,False,-0.10455538893724056,-0.3859467579904909,0.1854532852364296,0.4699238890887103,-0.10270485524837984,0.47786246802942384,50,0.918415849995497,False,False
F0semitoneFrom27.5Hz_sma3nz_percentile50.0,-0.015738479088272413,-0.2971907747460313,0.250910169592508,0.9136151703924917,0.000731988326140626,0.9959746720929201,50,0.9945515093744767,False,0.10181783396736334,-0.18755444951038153,0.3808060774988157,0.4816927094504184,0.06444592998399543,0.6565811873270011,50,0.918415849995497,False,False
shimmerLocaldB_sma3nz_amean,-0.0116769360977505,-0.2887159199885226,0.26272260846099976,0.9358533507580357,0.029786192855222,0.8373076747939583,50,0.9945515093744767,False,0.10119347932511064,-0.19048610212324246,0.38630700427546133,0.48439839846509947,0.1635275381282019,0.2564899648450508,50,0.918415849995497,False,False
mfcc4V_sma3nz_amean,-0.03614773261564502,-0.3289961653141081,0.26651864488009896,0.8031909664251156,-0.03992030916207708,0.7831247377194929,50,0.9945515093744767,False,-0.0997046336397388,-0.411907642298396,0.20958524085282018,0.4908824847509775,-0.07519814207149089,0.6037481792505232,50,0.918415849995497,False,False
loudnessPeaksPerSec,-0.024572335092657577,-0.27984517438872203,0.24613707529682288,0.8654950481087452,0.07163692531640944,0.6210424702469707,50,0.9945515093744767,False,0.0994164699586991,-0.19269673956898437,0.3717611178699234,0.4921426641133455,0.09774930174976068,0.4994662779887492,50,0.918415849995497,False,False
loudness_sma3_stddevRisingSlope,0.12560321698189014,-0.1545505501111448,0.3798277311001597,0.38477370386946685,0.18132358571798685,0.2075976196804546,50,0.9945515093744767,False,0.0972552423509013,-0.18896823679821997,0.35238009494072653,0.5016473172359535,0.01773692815689984,0.902695992551109,50,0.918415849995497,False,False
hammarbergIndexV_sma3nz_stddevNorm,0.02376002649455319,-0.2710875864265976,0.3079012075722261,0.8699024658710988,0.04397329193405017,0.7617219694863337,50,0.9945515093744767,False,-0.0969190513896883,-0.3654068263135854,0.2005633309591772,0.5031342283415894,-0.08507163567898768,0.5569358177242566,50,0.918415849995497,False,False
slopeV500-1500_sma3nz_amean,0.1067678113633448,-0.18681012592067966,0.395576679521313,0.46052623864667286,0.08609138216002107,0.552200364318995,50,0.9945515093744767,False,0.0950940147431035,-0.18901066391447063,0.3792949897471811,0.5112451989909379,0.09357559677073414,0.5180435021438422,50,0.918415849995497,False,False
alphaRatioV_sma3nz_stddevNorm,-0.1424586203925561,-0.42914906695053767,0.15817056933883183,0.3236909660158429,-0.13398241495773197,0.3536005604209581,50,0.9945515093744767,False,-0.09350911449738511,-0.3845726598117793,0.20615641617582187,0.5183421893522749,-0.08201523461272112,0.5712426240359837,50,0.918415849995497,False,False
mfcc2V_sma3nz_stddevNorm,0.030106187417243684,-0.2707181078198666,0.307292382177314,0.8355839032170315,0.06483577531459671,0.6546341862277232,50,0.9945515093744767,False,-0.090963668648201,-0.41529778658671906,0.22654073006215789,0.5298426653199657,-0.046107217873742924,0.7505226734223094,50,0.918415849995497,False,False
logRelF0-H1-A3_sma3nz_amean,-0.1481955498666683,-0.4262474092262789,0.16229436229477132,0.30438218539119083,-0.17147388214218404,0.2337795830428271,50,0.9945515093744767,False,-0.08736162263520468,-0.4081008506835784,0.2277516644674397,0.5463285873897501,-0.16663440819170408,0.24744025463791378,50,0.918415849995497,False,False
equivalentSoundLevel_dBp,-0.031070803877492635,-0.32488215966730843,0.25226464485853295,0.8303922893087171,0.06276271080050316,0.6650134860513943,50,0.9945515093744767,False,-0.0851043404670603,-0.37161000531325245,0.20615329286158002,0.5567836478101365,-0.08781362769872988,0.5442464142516014,50,0.918415849995497,False,False
hammarbergIndexUV_sma3nz_amean,-0.2526787432978445,-0.514602632846982,0.02855251705854782,0.07666557976468863,-0.13870611420060805,0.33672953609888906,50,0.9945515093744767,False,-0.08342338566099534,-0.3757450246204554,0.21174502450369745,0.5646301489618397,0.06942019950874184,0.6319116492015017,50,0.918415849995497,False,False
F3frequency_sma3nz_amean,-0.059450835523764504,-0.31721538663898724,0.21592131841364817,0.6817242747257426,-0.05561663569380526,0.7012606578779137,50,0.9945515093744767,False,0.08279903101874263,-0.19606178026925325,0.3617368359642061,0.5675576255505043,0.07008983961582436,0.6286199630092243,50,0.918415849995497,False,False
alphaRatioUV_sma3nz_amean,0.21546485564718748,-0.07842658357898623,0.49219613785382144,0.1329049149512588,0.12045769866393835,0.4046973957468504,50,0.9945515093744767,False,0.08111807621267768,-0.22072224660308895,0.3716662295569918,0.5754740718547815,-0.07184030934179583,0.6200491793486475,50,0.918415849995497,False,False
logRelF0-H1-H2_sma3nz_amean,0.10473703986808383,-0.1833472638392855,0.38664597521213395,0.4691484497847561,0.09270441909720434,0.5219642956721888,50,0.9945515093744767,False,0.07972528508765243,-0.23750104523163026,0.3849975521988128,0.5820714297767579,0.09947027823403994,0.4919072256116145,50,0.918415849995497,False,False
F1frequency_sma3nz_amean,-0.07021392444864756,-0.35419427631799455,0.23101749225069115,0.6280107928641094,-0.13361581019041344,0.35493118619492753,50,0.9945515093744767,False,-0.07910093044539972,-0.38030279358761027,0.22275273698036058,0.5850399288404278,-0.141367331716917,0.327449498654634,50,0.918415849995497,False,False
F0semitoneFrom27.5Hz_sma3nz_stddevFallingSlope,0.011270781798698308,-0.27813530613269055,0.2831312804248082,0.9380801174080422,-0.034627701107406934,0.8113124052939737,50,0.9945515093744767,False,-0.07684364827725534,-0.36860968331613236,0.21992957082609732,0.5958285947769861,-0.07132059705127484,0.622588690067831,50,0.918415849995497,False,False
loudness_sma3_meanRisingSlope,0.12072936539326386,-0.14673529457999407,0.3955311502978145,0.403630789887936,0.1627976683261867,0.2586478042732566,50,0.9945515093744767,False,0.07679562099708206,-0.18717659674626572,0.34769999902133936,0.5960590921388216,0.004784184848256965,0.9736954643107587,50,0.918415849995497,False,False
mfcc1_sma3_stddevNorm,0.13814323096512657,-0.15040466160445487,0.4065418706646118,0.33871316712917565,0.1912959751749685,0.1832608020136932,50,0.9945515093744767,False,-0.06829479240641069,-0.3401855233064268,0.222789799384649,0.637459627565713,-0.06814951788373978,0.6381772391467005,50,0.918415849995497,False,False
hammarbergIndexV_sma3nz_amean,-0.1067678113633448,-0.38831862743016504,0.1975201647476375,0.46052623864667286,-0.10472061566001288,0.4692185339560667,50,0.9945515093744767,False,-0.06382825535029522,-0.3782860234611062,0.26869327987376845,0.6596706586627694,-0.037981593328067886,0.7934201533986921,50,0.918415849995497,False,False
spectralFluxV_sma3nz_stddevNorm,-0.05742006402850355,-0.35234237724814615,0.23747605929258517,0.6920468956024489,0.07592509505357982,0.6002438091265746,50,0.9945515093744767,False,-0.06248349150544326,-0.33492502900507154,0.22116586461191146,0.6664162828107376,-0.03907776059662467,0.7875946283230395,50,0.918415849995497,False,False
F0semitoneFrom27.5Hz_sma3nz_amean,-0.05137851883010219,-0.34458438204475933,0.23047956751558973,0.7230794124546835,-0.021679754047732425,0.8812071418242722,50,0.9945515093744767,False,0.060802536699378296,-0.2435166107294398,0.33992412003517086,0.6748851382121989,0.03723963241144849,0.7973696322092032,50,0.918415849995497,False,False
F0semitoneFrom27.5Hz_sma3nz_meanFallingSlope,0.0339646532582395,-0.239636523032435,0.3033381521828162,0.8148612535426506,0.05675795214775909,0.6954246015307437,50,0.9945515093744767,False,0.05825709085019421,-0.23761859244969458,0.34512276247476475,0.6877853582540518,0.05818921379870615,0.6881305838903559,50,0.918415849995497,False,False
StddevUnvoicedSegmentLength,-0.13103553073171323,-0.39577024423551266,0.1455128426783724,0.3643829044443201,-0.07575801196265904,0.6010484658900475,50,0.9945515093744767,False,-0.054655044837197866,-0.3588209992442547,0.25665504402283773,0.7061909973360654,-0.010061723563476692,0.9447115662721749,50,0.918415849995497,False,False
loudness_sma3_stddevFallingSlope,-0.008224624555806874,-0.29367130127284513,0.26405864623568,0.9547946548874624,0.07237579672777573,0.6174371676380324,50,0.9945515093744767,False,-0.054318853875984875,-0.3271618729586035,0.23727351324492912,0.7079175736983756,-0.12319023913972903,0.3940435074983217,50,0.918415849995497,False,False
slopeUV500-1500_sma3nz_amean,0.15997402453918186,-0.10692325333146212,0.4119729146984988,0.26711033959413233,0.11067087005022058,0.44419841377353164,50,0.9945515093744767,False,0.05239776266905349,-0.2216847576397346,0.3188638086834865,0.7178114048792867,0.022703579895101356,0.8756403658376108,50,0.918415849995497,False,False
mfcc2_sma3_stddevNorm,-0.03995542916925932,-0.3250927778850785,0.25235658696988345,0.782938568301158,-0.11901744341098983,0.41037926593363444,50,0.9945515093744767,False,-0.051245107944894654,-0.3938613719965939,0.2662055220014467,0.7237699002403444,0.1945595003794372,0.1757600783974982,50,0.918415849995497,False,False
slopeV0-500_sma3nz_stddevNorm,0.14276323611684527,-0.137826838237244,0.38234615541810224,0.322646711170259,0.077132663248693,0.5944423567488194,50,0.9945515093744767,False,-0.04831544385432429,-0.29560482199833793,0.22380535560473688,0.7389868176603808,0.04325919743237894,0.7654806350480777,50,0.918415849995497,False,False
mfcc4_sma3_amean,-0.0007107700233413348,-0.32626168459522825,0.30789811013209123,0.9960913542200216,-0.00991094550870699,0.9455388239597425,50,0.9960913542200216,False,-0.04759503465172503,-0.34608956974979926,0.270960022255333,0.7427441539829958,-0.040604771226054236,0.7794986170488313,50,0.918415849995497,False,False
F2amplitudeLogRelF0_sma3nz_stddevNorm,-0.031578496751307875,-0.3086090141453823,0.2551331957606804,0.8276627231662617,-0.08640708780941633,0.5507381950717112,50,0.9945515093744767,False,0.04663448904825934,-0.24387232339301748,0.32867538627737936,0.7477631685332746,-0.02419154220374746,0.8675606552404209,50,0.918415849995497,False,False
loudness_sma3_percentile50.0,0.05655698614301764,-0.24474677496086453,0.3392942433806201,0.696450974577965,0.11757818584886087,0.4161027806726243,50,0.9945515093744767,False,-0.043944961358555405,-0.3237140102248256,0.25217510919346225,0.7618709856100429,-0.1025150392443602,0.4786807525272747,50,0.918415849995497,False,False
shimmerLocaldB_sma3nz_stddevNorm,0.1275832191897696,-0.1580048602745581,0.3906783620677063,0.3772645923776128,0.14638650593292624,0.31038921576207856,50,0.9945515093744767,False,-0.04173570647058431,-0.323006544961305,0.24089444917636096,0.7735173881366374,-0.07712051069326822,0.5945006167854939,50,0.918415849995497,False,False
F3amplitudeLogRelF0_sma3nz_stddevNorm,-0.06909700012625405,-0.35835132575174183,0.21131172830401324,0.6335029063921065,-0.1233156647824271,0.39355846645955905,50,0.9945515093744767,False,0.04087121542746519,-0.25469908812681513,0.32960564999722397,0.7780883085218302,-0.046393928517915475,0.7490217704346512,50,0.918415849995497,False,False
mfcc2V_sma3nz_amean,-0.023556949345027098,-0.2850739345220575,0.2495558245402187,0.8710049374357768,-0.05257354478630136,0.7169041713751458,50,0.9945515093744767,False,-0.04072713358694533,-0.3464959309982988,0.2721787705131426,0.7788508566030468,-0.05539964323159078,0.7023721824082517,50,0.918415849995497,False,False
loudness_sma3_meanFallingSlope,0.06148160701902546,-0.21206717401582317,0.3288414559994035,0.6714590243749051,0.09834040859964248,0.4968632417546595,50,0.9945515093744767,False,-0.040102778944692635,-0.3005790073640923,0.24222673736154957,0.7821576057380359,-0.10067669883755065,0.4866439260953408,50,0.918415849995497,False,False
loudness_sma3_percentile80.0,0.06975700086221386,-0.2162968706080443,0.34084843387766206,0.6302551784161037,0.140187131194929,0.3315449979830312,50,0.9945515093744767,False,-0.0370770602937757,-0.3168635785478982,0.2290780935449309,0.798235683233394,-0.08569040310332367,0.5540601277516986,50,0.918415849995497,False,False
slopeV0-500_sma3nz_amean,0.01609386409994308,-0.27784913698904085,0.3105684635711817,0.911672195560209,-0.004100031239634171,0.9774560459592488,50,0.9945515093744767,False,-0.03650073293169629,-0.32406884025902105,0.2550925049769503,0.8013078138799775,-0.11375640363614739,0.43152045271782874,50,0.918415849995497,False,False
spectralFluxUV_sma3nz_amean,-0.005076928738152391,-0.27698795934013826,0.28136868936311,0.9720865095712252,0.05934008603605381,0.6822857617253378,50,0.9945515093744767,False,-0.036068487410136726,-0.3008054521974704,0.2442314991495998,0.8036138687460599,-0.0481009504316323,0.7401048943935453,50,0.918415849995497,False,False
mfcc2_sma3_amean,-0.03025849527938825,-0.31373623092398306,0.2634596131425408,0.8347637074192598,-0.0511843178217218,0.724084600769039,50,0.9945515093744767,False,-0.03088154115142199,-0.33862844303092404,0.28649334252254355,0.8314103528727993,-0.04122785023231449,0.7762017225567215,50,0.9346811195388325,False,False
F2frequency_sma3nz_amean,-0.06087237557044717,-0.33582325572972666,0.23226218021020742,0.6745324774790569,-0.06958184683996127,0.6311164044453736,50,0.9945515093744767,False,-0.024974185690107988,-0.3072958081722795,0.2521007660695695,0.8633161784829663,-0.02401510346716716,0.8685180431566678,50,0.9346811195388325,False,False
spectralFlux_sma3_amean,-0.0030461572428914347,-0.28366647765134256,0.2765833075633009,0.9832497876770393,0.12710650417303943,0.37906447751722905,50,0.9945515093744767,False,0.024253776487508722,-0.22446623715862782,0.2805268522146143,0.8672230057638415,0.027202782351071007,0.8512512266532775,50,0.9346811195388325,False,False
F1bandwidth_sma3nz_amean,-0.019800022078794326,-0.3042056755354373,0.2626236891130391,0.8914422964820268,-0.012469139416813789,0.9315114591275958,50,0.9945515093744767,False,-0.02319717632369646,-0.3253352647819059,0.3063301170068769,0.872958679171653,-0.013992644666039973,0.9231671155477839,50,0.9346811195388325,False,False
jitterLocal_sma3nz_stddevNorm,0.07711854753253482,-0.20498624042021985,0.3539007285940141,0.5945100285259319,0.07351965060628932,0.6118733522130094,50,0.9945515093744767,False,0.021900439759017776,-0.25382628259331913,0.2785264134550078,0.8800067329717058,-0.002634491630433231,0.9855131952196762,50,0.9346811195388325,False,False
logRelF0-H1-A3_sma3nz_stddevNorm,0.11580474451725604,-0.17253150630573777,0.38356013327069527,0.4232176023610422,0.14895583051424982,0.3018800941310183,50,0.9945515093744767,False,0.021612276077978068,-0.2567397464268012,0.2917244317621786,0.8815742377468533,0.1680929628025679,0.2432673620632544,50,0.9346811195388325,False,False
slopeUV0-500_sma3nz_amean,-0.021780024286673756,-0.31190090691322536,0.2638745860903104,0.8806616939652419,-0.04249779141618715,0.7694942234982667,50,0.9945515093744767,False,0.0152726750951045,-0.2865837162603125,0.31211440664980167,0.9161625877465045,-0.11924874707680143,0.40946368205877837,50,0.9477105582929817,False,False
spectralFluxV_sma3nz_amean,-0.012743091132762504,-0.2997256259126329,0.2617075827637395,0.9300104429504541,0.13289283545315017,0.3575642446730095,50,0.9945515093744767,False,0.01315947476747998,-0.2425123041656541,0.2586459986891359,0.9277294875832459,0.02359702405079394,0.8707873593316007,50,0.9477105582929817,False,False
slopeV500-1500_sma3nz_stddevNorm,-0.058384680488752505,-0.3448743542400894,0.20981079085163915,0.6871366023746119,-0.03055304259591051,0.8331780298071517,50,0.9945515093744767,False,0.012535120125227278,-0.23880023442196774,0.25800112724261004,0.93114992070064,-0.012343287939445448,0.9322010947184518,50,0.9477105582929817,False,False
loudness_sma3_amean,0.060415451984013456,-0.21708340871685392,0.33409412123099846,0.6768410262471071,0.14358667146826942,0.3198345513820103,50,0.9945515093744767,False,-0.011478519961415017,-0.2856933560725418,0.2570394534640288,0.9369411201305613,-0.06356645430642646,0.6609818310673761,50,0.9477105582929817,False,False
MeanUnvoicedSegmentLength,-0.012032321109421167,-0.27663574185195655,0.25913205986528465,0.9339053278791279,0.004496337440335264,0.9752776085218519,50,0.9945515093744767,False,0.005907355461314005,-0.31006264198318106,0.309606198255378,0.9675230066360774,0.01968245686532189,0.8920830399241511,50,0.9675230066360774,False,False
