feature,shapiro_W,shapiro_p,normal_at_.05
MeanVoicedSegmentLengthSec,0.1368101973749105,1.411138059508075e-15,False
mfcc2_sma3_stddevNorm,0.16731113955118948,2.6036108590042366e-15,False
mfcc4V_sma3nz_stddevNorm,0.34661377933430526,1.3898705721784084e-13,False
mfcc4_sma3_stddevNorm,0.3688215122130052,2.39881290221471e-13,False
HNRdBACF_sma3nz_stddevNorm,0.4548558287803215,2.2838770169559485e-12,False
spectralFluxUV_sma3nz_amean,0.4696637926900846,3.451027327453224e-12,False
spectralFlux_sma3_amean,0.5851091443245225,1.1781412986265705e-10,False
StddevVoicedSegmentLengthSec,0.620659830424259,3.9963851797161164e-10,False
spectralFluxV_sma3nz_amean,0.6590887426813941,1.636522942733675e-09,False
logRelF0-H1-H2_sma3nz_stddevNorm,0.6728521356513353,2.781405708725599e-09,False
logRelF0-H1-A3_sma3nz_stddevNorm,0.6919671944287906,5.955345608062187e-09,False
slopeV0-500_sma3nz_stddevNorm,0.7010142721572403,8.630591363907139e-09,False
alphaRatioUV_sma3nz_amean,0.7706689932544517,1.9704724740685224e-07,False
mfcc2V_sma3nz_stddevNorm,0.7828232760182541,3.604333174663485e-07,False
hammarbergIndexUV_sma3nz_amean,0.7842346851524841,3.87120284491708e-07,False
F0semitoneFrom27.5Hz_sma3nz_stddevFallingSlope,0.8031515677000292,1.0370521099075833e-06,False
spectralFluxV_sma3nz_stddevNorm,0.8159632207516274,2.0868077519083407e-06,False
VoicedSegmentsPerSec,0.8222750077803156,2.9755561963630234e-06,False
spectralFlux_sma3_stddevNorm,0.8286214258544702,4.28210836875787e-06,False
F3amplitudeLogRelF0_sma3nz_stddevNorm,0.8648207253035465,3.9974117698633365e-05,False
jitterLocal_sma3nz_amean,0.8652152200051659,4.102664217683413e-05,False
loudness_sma3_stddevRisingSlope,0.8678296098804561,4.878637193775622e-05,False
F2amplitudeLogRelF0_sma3nz_stddevNorm,0.8696384214031799,5.5054587415611756e-05,False
F0semitoneFrom27.5Hz_sma3nz_pctlrange0-2,0.8698562058790248,5.586487317381327e-05,False
slopeUV0-500_sma3nz_amean,0.9000899987569556,0.0004837817893262823,False
slopeV0-500_sma3nz_amean,0.9010587156538937,0.0005208527413940561,False
F3bandwidth_sma3nz_stddevNorm,0.9051496042516434,0.0007139234670282507,False
F1frequency_sma3nz_amean,0.9065581475192854,0.0007968578049104356,False
mfcc3_sma3_stddevNorm,0.9097657472773777,0.0010261377644345724,False
loudness_sma3_pctlrange0-2,0.9113115886095045,0.0011606596651361368,False
loudness_sma3_stddevFallingSlope,0.9113169989497195,0.0011611619495084313,False
loudness_sma3_percentile50.0,0.9165884586131455,0.0017790778372479873,False
mfcc3V_sma3nz_stddevNorm,0.9168699840178124,0.0018206125488230498,False
loudness_sma3_percentile80.0,0.9214169976276393,0.0026540439329916705,False
loudness_sma3_amean,0.9265277622160217,0.0040929753035216275,False
alphaRatioV_sma3nz_amean,0.9295970479791623,0.005335411050710231,False
hammarbergIndexV_sma3nz_amean,0.9337644234344751,0.007692861537908648,False
loudness_sma3_meanRisingSlope,0.9364976358901195,0.009816210537109737,False
F3frequency_sma3nz_amean,0.9412935077005807,0.01516205252389471,False
loudness_sma3_stddevNorm,0.9414477008859957,0.015377734851295123,False
F0semitoneFrom27.5Hz_sma3nz_stddevRisingSlope,0.9426316174920193,0.017144403263173947,False
loudness_sma3_meanFallingSlope,0.9451113609499572,0.021566259246551246,False
F2frequency_sma3nz_amean,0.948400446722978,0.02933607421273575,False
alphaRatioV_sma3nz_stddevNorm,0.9495646442696475,0.032739467454931184,False
StddevUnvoicedSegmentLength,0.9500063413090951,0.034135421152174945,False
slopeV500-1500_sma3nz_stddevNorm,0.9526003000359298,0.0436710633486241,False
F1bandwidth_sma3nz_stddevNorm,0.9529943247973353,0.045343437226153215,False
jitterLocal_sma3nz_stddevNorm,0.9531034882426993,0.045818305500049256,False
hammarbergIndexV_sma3nz_stddevNorm,0.9542656906951413,0.051201940520843675,True
F0semitoneFrom27.5Hz_sma3nz_meanFallingSlope,0.9559164092833576,0.05998354768956338,True
slopeV500-1500_sma3nz_amean,0.9587795577124597,0.0790193813683792,True
mfcc1V_sma3nz_stddevNorm,0.96014405692949,0.09013759690219739,True
F2bandwidth_sma3nz_stddevNorm,0.9617662940988321,0.1054145768599436,True
F0semitoneFrom27.5Hz_sma3nz_percentile20.0,0.9679083591621376,0.1900211542056216,True
mfcc3V_sma3nz_amean,0.9682479354919864,0.19623910532022049,True
loudness_sma3_percentile20.0,0.9689807367574257,0.21031284085724372,True
logRelF0-H1-H2_sma3nz_amean,0.9691904370019906,0.21450992861877738,True
equivalentSoundLevel_dBp,0.9696462741698022,0.22390196072555063,True
F2frequency_sma3nz_stddevNorm,0.9704926979118993,0.2423487410557138,True
shimmerLocaldB_sma3nz_stddevNorm,0.9711388015660991,0.25734527174737276,True
mfcc1_sma3_amean,0.9715565754481811,0.26747898340885273,True
MeanUnvoicedSegmentLength,0.9716587166816967,0.270009805947226,True
logRelF0-H1-A3_sma3nz_amean,0.972669829839735,0.2962182769189125,True
mfcc3_sma3_amean,0.9729617898892697,0.3041842611209946,True
F1frequency_sma3nz_stddevNorm,0.9755201099543988,0.38192760973155726,True
mfcc1_sma3_stddevNorm,0.976116318991343,0.4021295762244645,True
F1amplitudeLogRelF0_sma3nz_amean,0.9763831651305118,0.4114263756249331,True
F0semitoneFrom27.5Hz_sma3nz_stddevNorm,0.977181204318853,0.4401583911014748,True
F1bandwidth_sma3nz_amean,0.9779782030620514,0.47020732933683185,True
F0semitoneFrom27.5Hz_sma3nz_meanRisingSlope,0.9780886357208184,0.4744742465401553,True
HNRdBACF_sma3nz_amean,0.9785868561797993,0.49402576793294156,True
F0semitoneFrom27.5Hz_sma3nz_percentile50.0,0.9794157540274696,0.527592033072257,True
F3frequency_sma3nz_stddevNorm,0.9809100905836265,0.5909332735960184,True
slopeUV500-1500_sma3nz_amean,0.9819995878250217,0.6388066833333766,True
F0semitoneFrom27.5Hz_sma3nz_percentile80.0,0.9825962988351862,0.6653706710739824,True
F3bandwidth_sma3nz_amean,0.9832007707243765,0.6923610410266402,True
shimmerLocaldB_sma3nz_amean,0.9834416544134001,0.7031060832692915,True
mfcc4V_sma3nz_amean,0.9839876672664737,0.7273654281739119,True
F1amplitudeLogRelF0_sma3nz_stddevNorm,0.9844004981444266,0.7455556763999475,True
loudnessPeaksPerSec,0.9850794050451839,0.7750146306044416,True
F2bandwidth_sma3nz_amean,0.9866295565520804,0.838767417319413,True
mfcc4_sma3_amean,0.9868498440517129,0.8472792382742094,True
mfcc2_sma3_amean,0.9869945967395173,0.8527819120894382,True
F2amplitudeLogRelF0_sma3nz_amean,0.9873705999600149,0.8667170048334472,True
mfcc2V_sma3nz_amean,0.9876400660078183,0.8763639462983321,True
F3amplitudeLogRelF0_sma3nz_amean,0.9877482777024477,0.880153423410404,True
F0semitoneFrom27.5Hz_sma3nz_amean,0.991360426591056,0.9726158943476252,True
mfcc1V_sma3nz_amean,0.9920047680207024,0.9815109679901769,True
