feature,rho_perceived,p_perceived,ci_lo_perceived,ci_hi_perceived,n_perceived,q_perceived,hit_perceived,rho_actual,p_actual,ci_lo_actual,ci_hi_actual,n_actual,q_actual,hit_actual
AY_z2,0.5418437749149967,4.825833967499295e-05,0.32535228801890637,0.718717191019175,50,0.0025341256885027122,True,0.3041080314153282,0.0317837946365792,0.005234561263350613,0.575245672395276,50,0.2092433146908131,False
S_cog_singleton,0.5343515192079643,6.415508072158766e-05,0.27339307984345845,0.7057808406134576,50,0.0025341256885027122,True,0.3423373048136158,0.014953946444299015,0.06665367308848406,0.5736207447325254,50,0.1531069267700315,False
S_peak,0.5034699780565424,0.00019379965152822008,0.23803906841969802,0.7156433764586019,50,0.0051033908235764616,True,0.3296957522556163,0.019380623641776135,0.04615191594209796,0.5749436615530001,50,0.1531069267700315,False
S_cog,0.48589199351312024,0.0003473997512129901,0.22704107563561135,0.69462170440154,50,0.0068611450864565545,True,0.33050806085372064,0.019066155414726074,0.04217588649748401,0.5692243600552551,50,0.1531069267700315,False
Z_peak,0.45750787093070905,0.0008364920243211597,0.20247489930815887,0.6684582579062001,50,0.013216573984274322,True,0.3551311652337598,0.011382565922700113,0.08551180916753606,0.5856660945178715,50,0.1531069267700315,False
Z_cog,0.4173570647058431,0.002566032738596353,0.16888930664132354,0.616658789912276,50,0.03378609772485198,True,0.33162498517611416,0.01864082180450417,0.052428576207660046,0.566003076075153,50,0.1531069267700315,False
AE_z2,-0.3944960793433597,0.004583669170564861,-0.606452471666043,-0.1280015453059553,50,0.05172998063923201,True,-0.10818935141002746,0.4545421396519306,-0.3618121563127078,0.16452506299892503,50,0.6886845880166015,False
AO_z1,-0.43604753855117495,0.011190057160073728,-0.7033231077105825,-0.0930832445430738,33,0.08840145156458246,True,-0.3472940354523938,0.04767543014426783,-0.6370941018571241,-0.01106951670337774,33,0.2897199216459353,False
EY_z2,0.3593401102565153,0.010380662064853241,0.0881058830604587,0.606427075754239,50,0.08840145156458246,True,0.06990930872435844,0.6295066813686102,-0.23217163108920327,0.34968254822194156,50,0.802113352066455,False
AW_z1,-0.36395072915315063,0.009371244826055215,-0.6072968586759567,-0.09426250235800912,50,0.08840145156458246,True,-0.09554779885202802,0.5092222986196663,-0.37391190661139556,0.18549296896456868,50,0.7202390876882035,False
IH_z1,0.31534712161778666,0.025701171766602512,0.058761060043292186,0.5260269564554076,50,0.18458114268741804,False,0.15027709064931077,0.29756344186346195,-0.13780448232206108,0.40710186133291815,50,0.5876877976803374,False
HH_dur,0.36668012040714665,0.04246028419035393,0.027716923365202945,0.6319307490980127,31,0.26153121419467495,False,0.23354200799451216,0.2060707227572903,-0.15670781884426008,0.5546224352301536,31,0.5160842397733241,False
IY_z1,0.2873472172767617,0.043036782082668035,0.01792177842199028,0.5202104288304226,50,0.26153121419467495,False,0.18535866822994382,0.1974905896173828,-0.13111446360397522,0.45752124528565813,50,0.5160842397733241,False
UW_z1,0.2693850144919533,0.05851789272975092,0.005614152594115154,0.509588685277579,50,0.33020810897502306,False,0.2452156580527605,0.08608981545223603,-0.03945015947338432,0.4982289473527633,50,0.3778386344848137,False
SH_peak,0.2512307025864517,0.07842740589630072,-0.025949670387248297,0.504405818359605,50,0.3442091703226532,False,0.26105567571579597,0.06707820743226098,-0.03896139445333784,0.5294004162375081,50,0.35266594269736623,False
EH_z2,-0.2527675755519968,0.07655852350536496,-0.49822361913162755,0.010374225509258211,50,0.3442091703226532,False,-0.018987713480689943,0.8958708479666788,-0.2710173602731842,0.22096434704070986,50,0.9588331844254543,False
AO_z2,-0.3228557503613185,0.06686553160864724,-0.6063161678720516,0.030783638310474905,33,0.3442091703226532,False,-0.20094446980283026,0.2621544827730779,-0.5268657621416705,0.17839278196961925,33,0.5752834483075877,False
HH_sd,-0.3265100482161185,0.07301752693576981,-0.5949166880777155,0.03521714130212767,31,0.3442091703226532,False,-0.22727012440644812,0.21886419302793186,-0.5557540685876651,0.14945758376486684,31,0.5160842397733241,False
AY_z1,-0.2194846703919106,0.12565115770768367,-0.4818782359402186,0.06694071405966207,50,0.4744910713421581,False,-0.15322170931743914,0.2880875926155184,-0.4346133518876286,0.12657567706831918,50,0.5876877976803374,False
SH_cog,0.22495978033166503,0.11625702453950766,-0.06279271916862862,0.4908961735251294,50,0.4744910713421581,False,0.401280447463565,0.0038747787971848756,0.12447927491865572,0.6187251950403978,50,0.1531069267700315,False
V_cog,0.21588262437891423,0.13213675404465164,-0.06606813082107896,0.4476784871022951,50,0.4744910713421581,False,0.3122818866837536,0.02725439600358611,0.011314975993700278,0.5583935134653514,50,0.19573611675302752,False
S_skew,-0.21833201566775176,0.12769986379828732,-0.49576269959470526,0.07213079158750174,50,0.4744910713421581,False,-0.15139401497170432,0.2939456852582397,-0.4056332074348734,0.12681858892460804,50,0.5876877976803374,False
V_skew,-0.20651730474512375,0.1501713229586848,-0.44419650912445363,0.060337661621424975,50,0.4819340206996301,False,-0.3382249925357123,0.016288147442791428,-0.597156882785514,-0.05652719737143906,50,0.1531069267700315,False
AE_z1,0.21098384180123922,0.14135597191118393,-0.058438203407601315,0.4680656433649291,50,0.4819340206996301,False,0.21018484975950896,0.14290393303426613,-0.09812953868466164,0.48899487714216855,50,0.44722409718924294,False
EY_rate,0.20536465002096493,0.15251076604418673,-0.13550400510522928,0.5166732373742822,50,0.4819340206996301,False,0.11966321035825186,0.4078260322613856,-0.17958091808174836,0.40398682148988063,50,0.6886845880166015,False
V_kurt,-0.19686382143029355,0.1705991862297243,-0.41480011463630695,0.047315227515189524,50,0.4991605819314156,False,-0.2651172187063179,0.06278714631735827,-0.5283475650706787,0.01603385245475688,50,0.35266594269736623,False
DH_peak,0.1995053218398242,0.16481940454503485,-0.07067305425488561,0.43988931157887656,50,0.4991605819314156,False,0.10961089145671013,0.44860072386712235,-0.18961006801444796,0.39120781707274854,50,0.6886845880166015,False
Z_skew,-0.1904281658870734,0.1852934217762486,-0.4565462924172286,0.10522222133713414,50,0.5227921542972729,False,-0.18221097241228934,0.20534434241148686,-0.4347134467626837,0.08932994620386386,50,0.5160842397733241,False
F_peak,-0.18399251034385328,0.20087270197818577,-0.45613988371473685,0.08844579358190185,50,0.5472049467681612,False,-0.03767081123709074,0.7950738369841446,-0.32718550877991825,0.2492939697769572,50,0.9161850390706229,False
Z_dur,-0.18092310835706932,0.20862018963412243,-0.4457106464127547,0.12489619166139788,50,0.5493664993698557,False,0.1114158762419187,0.44111859598563374,-0.1772763855832289,0.4017870163243902,50,0.6886845880166015,False
AA_z2,0.15949859745547815,0.26855313391516306,-0.1461298175090816,0.4434529972795804,50,0.5888085802440475,False,0.18139866381418493,0.2074063095084759,-0.11152692599042204,0.44558305981112445,50,0.5160842397733241,False
DH_dur,0.16017482515816997,0.2665025166698681,-0.1399499049621707,0.43864271298619223,50,0.5888085802440475,False,0.09321464970615753,0.5196661771927544,-0.18348804447464914,0.37042126710270246,50,0.7202390876882035,False
F_sd,0.16497370739523257,0.2522502480487772,-0.12579764217045922,0.4222291949295014,50,0.5888085802440475,False,0.12174475114089434,0.3996586847488597,-0.15938918290766788,0.40121832768014126,50,0.6886845880166015,False
V_sd,0.1571452607269872,0.2757711072029083,-0.1325281619610796,0.41635259709901934,50,0.5888085802440475,False,0.1776925058353337,0.21699853976283234,-0.0827776957938086,0.43089448549742465,50,0.5160842397733241,False
AY_trajlen,0.16871983524874878,0.24148869493166375,-0.11226070755618202,0.4289037866536472,50,0.5888085802440475,False,0.0016246171962087652,0.9910660986802209,-0.28162942008335023,0.2978730765951912,50,0.9910660986802209,False
EY_trajlen,0.16045914305894385,0.26564346452663773,-0.15221337257718248,0.46290041786716996,50,0.5888085802440475,False,0.12540013983236406,0.38554883980047927,-0.16194181037305475,0.4013168859695378,50,0.6886845880166015,False
DH_cog,0.1637249981107272,0.25590826664787125,-0.1205191260419939,0.4217113875940465,50,0.5888085802440475,False,0.3602588632592936,0.01017236045360186,0.06693456994760709,0.6006725439072599,50,0.1531069267700315,False
v_h1h2,0.15267872367087174,0.2898199422513259,-0.15132172040735972,0.4429403258995906,50,0.6025204062593355,False,0.21460177776170158,0.1345024708654088,-0.06534473213173204,0.4723368032707787,50,0.44722409718924294,False
SH_dur,-0.1424008857137888,0.32388912669403747,-0.37991972016041886,0.11244306345984016,50,0.6560831027904861,False,0.05442467607299364,0.7073739451876424,-0.2261265951700779,0.3311827500552899,50,0.8467051768155114,False
F_dur,0.13745737619270837,0.34113995016272125,-0.14991735437177062,0.4051994472602385,50,0.6737514015713745,False,0.20800676462207374,0.14718767755595338,-0.09747488279218884,0.4766138065675022,50,0.44722409718924294,False
AH_z2,0.13034603839029438,0.3669341095522721,-0.1461456577633956,0.39867262224796796,50,0.7070193818202316,False,0.0783370104296914,0.588681230507492,-0.20018366387517994,0.3658710582208961,50,0.7718315649869947,False
front_f2,-0.12098071875650387,0.40264539073797534,-0.39825547852238313,0.18219144971515,50,0.7212658120245212,False,0.07681393180824567,0.5959712084076794,-0.20272657353731338,0.37065053566942086,50,0.7718315649869947,False
OW_z1,-0.11661023626073498,0.4199775614319997,-0.39781723475009073,0.18569490193526111,50,0.7212658120245212,False,0.13849861597679722,0.3374599275367952,-0.15404833175008611,0.4151787614988956,50,0.6502276652538249,False
EH_z1,0.11843527290731981,0.4126889148499976,-0.17503224221475286,0.407453543626652,50,0.7212658120245212,False,0.1099662764683808,0.4471220702942633,-0.19127521815402915,0.3869537387606441,50,0.6886845880166015,False
v_cpps,-0.11829119106679996,0.4132616809999017,-0.36842076528224205,0.15778523586103607,50,0.7212658120245212,False,-0.0511754416805761,0.7241305548803961,-0.30811949764673924,0.20267979738184547,50,0.853825579635094,False
DH_sd,0.12477487389019337,0.38794124497451143,-0.15379973909760913,0.3958478192874963,50,0.7212658120245212,False,0.23115256544807838,0.10628638701280674,-0.02673928108449371,0.4806520182559405,50,0.3998392654291301,False
AY_rate,0.11190356280375309,0.4391089583468958,-0.18985890001739247,0.428073924300004,50,0.7380767597745695,False,-0.09072471655078325,0.5309286748971429,-0.36914753356491736,0.2103776603917268,50,0.7208297998180473,False
DH_skew,-0.1010493974845908,0.48502391914211984,-0.3729723002629162,0.18496887029905404,50,0.7454449392254943,False,-0.23683872563480907,0.0977220453696261,-0.5024515168678763,0.07132902237660513,50,0.3998392654291301,False
Z_sd,-0.10152967028632362,0.48294049860588917,-0.34464292909990807,0.1598653907947055,50,0.7454449392254943,False,-0.0163477105368507,0.9102846687583428,-0.29484475655800024,0.2785002788659135,50,0.9588331844254543,False
HH_skew,-0.1298779932372948,0.4861959500454993,-0.4845806205785869,0.2533855872678353,31,0.7454449392254943,False,-0.4475505804947111,0.01158438651106992,-0.7276008810161656,-0.09083319049608428,31,0.1531069267700315,False
OW_trajlen,-0.10018490644147167,0.48878592292921574,-0.391916571129292,0.20889655488383613,50,0.7454449392254943,False,-0.18967405765737333,0.18707279535158394,-0.456901544983622,0.08214449647253257,50,0.5160842397733241,False
DH_kurt,-0.0997526609199121,0.490672618224376,-0.3705742716578834,0.191578821589675,50,0.7454449392254943,False,-0.2571464405874186,0.07142601371085898,-0.518961873027739,0.016194486170673303,50,0.35266594269736623,False
UW_z2,-0.08813005911797722,0.5427910416649637,-0.38137552446721723,0.22315754305368277,50,0.809065892293059,False,-0.24846489244517803,0.08188110322589781,-0.5073184689460944,0.024834159849367606,50,0.3778386344848137,False
AW_rate,0.06819873784606412,0.6379340708175604,-0.24609854181671587,0.3514779526844966,50,0.8131538122527049,False,0.09372010450629314,0.5173945646732614,-0.2129744496365927,0.38973466674450796,50,0.7202390876882035,False
Z_kurt,0.0844799858248076,0.5596920483128136,-0.20578008417584046,0.3609012640435563,50,0.8131538122527049,False,-0.06610161217074413,0.648327951232142,-0.3375696068123131,0.20498771318934458,50,0.8090236214415614,False
SH_sd,-0.06815071056589084,0.6381713463249077,-0.3663557255937893,0.2188077603906456,50,0.8131538122527049,False,0.21252023697905909,0.13841449009366888,-0.07902214545593754,0.4627830542101496,50,0.44722409718924294,False
IY_z2,0.08231875821700979,0.569814308130498,-0.223011309829886,0.35077508012818454,50,0.8131538122527049,False,0.02959849454342844,0.8383191352132757,-0.27361620779578244,0.3147705170881665,50,0.9461030240264111,False
HH_peak,0.09954614271507585,0.5941723960657186,-0.26258805082437453,0.4440875971087656,31,0.8131538122527049,False,0.12975864380276242,0.4866001224426728,-0.25950459087797345,0.47403741932682936,31,0.7118779569068732,False
HH_cog,-0.10325703810170024,0.5804233452164773,-0.40850088730329814,0.24402490615225525,31,0.8131538122527049,False,0.022028045608826288,0.9063680142469903,-0.34566237663076516,0.3787272903594638,31,0.9588331844254543,False
V_peak,0.074035829979406,0.6093696630039342,-0.19123525902206726,0.33194767620234494,50,0.8131538122527049,False,0.23298585375901795,0.10346443661051115,-0.04573726558899718,0.4909891119000655,50,0.3998392654291301,False
F_cog,-0.07204092025992688,0.6190700889829028,-0.36453088658331123,0.2291585427736101,50,0.8131538122527049,False,0.11047396934219604,0.4450143723467074,-0.18035285766441767,0.4003678596630401,50,0.6886845880166015,False
SH_kurt,0.06834281968658397,0.6372224598613756,-0.2372639274412062,0.35283535763368123,50,0.8131538122527049,False,-0.16525403042686032,0.2514339346615655,-0.4256892727030549,0.1296087523308327,50,0.5675223096646764,False
AA_z1,0.06459669183306778,0.6558279700404013,-0.2539195190035933,0.36987811923484354,50,0.8164161874863198,False,-0.13479245799794598,0.35067128004135095,-0.432122603352327,0.1848648246494099,50,0.6595959791253982,False
HH_kurt,-0.08046788711441091,0.666967293465,-0.4557373593562797,0.3125901113069909,31,0.8164161874863198,False,-0.42975869750296664,0.015826538670694012,-0.7258318551811902,-0.08247759534307388,31,0.1531069267700315,False
F_skew,0.06142689134163099,0.6717348378051999,-0.24091983988265908,0.3514071313002836,50,0.8164161874863198,False,0.007869239544136207,0.9567460763213611,-0.27821313372495443,0.3246238147055948,50,0.9815966237582796,False
OW_z2,-0.05710443612603538,0.6936563087905437,-0.3315868911416371,0.23042116102260013,50,0.8169930922534928,False,0.010052318901541735,0.9447631641369122,-0.24573427487330177,0.2773656722049109,50,0.9815966237582796,False
F_kurt,-0.057536681647594935,0.6914525926629758,-0.3261112044895272,0.23582487954928244,50,0.8169930922534928,False,-0.022490794310015095,0.8767968485942299,-0.31525471631561874,0.2737787531352734,50,0.9588331844254543,False
EY_z1,-0.05523137219927729,0.703234560420728,-0.31496234416987273,0.20935884619385192,50,0.8169930922534928,False,-0.11458628162009947,0.4281456202375298,-0.3963081079014233,0.17348171374886806,50,0.6886845880166015,False
vowel_space_area,-0.036981005733429134,0.7987474963093888,-0.3299777791815572,0.24924453824275863,50,0.8893167895473563,False,0.10641242635167411,0.46202890082126435,-0.18282020075694685,0.40988197607867044,50,0.6886845880166015,False
OW_rate,-0.038181687737761254,0.7923559185610933,-0.3369126320821962,0.23588958957338746,50,0.8893167895473563,False,-0.11580474451725604,0.4232176023610422,-0.39335004314844263,0.1787312681288651,50,0.6886845880166015,False
IH_z2,0.03688495117308257,0.7992593931374974,-0.2440178873130112,0.3136585623132033,50,0.8893167895473563,False,0.1757632729148358,0.2221122044594053,-0.11282219662766349,0.4450131187740263,50,0.5160842397733241,False
S_sd,-0.03419542348337863,0.813625674788993,-0.3000685146303611,0.250732825036006,50,0.892728170949034,False,0.03670619477684179,0.8002122493148478,-0.24934444994668786,0.3291190397278501,50,0.9161850390706229,False
AW_z2,0.03097759571176856,0.8308936312220653,-0.2459609750760584,0.2798114691554654,50,0.8991862584457968,False,0.0163477105368507,0.9102846687583428,-0.27904300186953623,0.3199898179511409,50,0.9588331844254543,False
S_kurt,0.027087386017732508,0.8518751451999318,-0.2723397109135924,0.29403061116486184,50,0.9094342766323597,False,0.06468007212406146,0.6554115414210118,-0.21341494080765133,0.34589709402800073,50,0.8090236214415614,False
SH_skew,-0.01853853014688785,0.8983210683471456,-0.3009601670344284,0.25814826353001386,50,0.9318776008815638,False,-0.2161248563831473,0.13169288464085707,-0.4842241244550405,0.07044516590786362,50,0.44722409718924294,False
S_dur,-0.016713493500303038,0.9082857628845622,-0.30962018539381836,0.2852939836521608,50,0.9318776008815638,False,0.08910009935457447,0.538341242902086,-0.17643174232502948,0.34728955062674016,50,0.7208297998180473,False
AW_trajlen,0.020603703194339087,0.8870640044466156,-0.26899225489993034,0.3102487050601702,50,0.9318776008815638,False,0.05919698908685688,0.683011498821673,-0.22612774401526903,0.35297958720943057,50,0.8301216677986487,False
AH_z1,0.010229810676909618,0.9437894089356078,-0.2866970063643082,0.30320731498819703,50,0.955889273152731,False,-0.002386156506931624,0.9868786396930185,-0.28271550940753953,0.27757622713216357,50,0.9910660986802209,False
V_dur,0.007396378732940982,0.9593429454881142,-0.2503231998000378,0.26492963747898385,50,0.9593429454881142,False,0.15792166008224565,0.2733757677854775,-0.1312498826428939,0.44008782046920697,50,0.5836942068933169,False
