ID,F0semitoneFrom27.5Hz_sma3nz_amean,F0semitoneFrom27.5Hz_sma3nz_stddevNorm,F0semitoneFrom27.5Hz_sma3nz_percentile20.0,F0semitoneFrom27.5Hz_sma3nz_percentile50.0,F0semitoneFrom27.5Hz_sma3nz_percentile80.0,F0semitoneFrom27.5Hz_sma3nz_pctlrange0-2,F0semitoneFrom27.5Hz_sma3nz_meanRisingSlope,F0semitoneFrom27.5Hz_sma3nz_stddevRisingSlope,F0semitoneFrom27.5Hz_sma3nz_meanFallingSlope,F0semitoneFrom27.5Hz_sma3nz_stddevFallingSlope,loudness_sma3_amean,loudness_sma3_stddevNorm,loudness_sma3_percentile20.0,loudness_sma3_percentile50.0,loudness_sma3_percentile80.0,loudness_sma3_pctlrange0-2,loudness_sma3_meanRisingSlope,loudness_sma3_stddevRisingSlope,loudness_sma3_meanFallingSlope,loudness_sma3_stddevFallingSlope,spectralFlux_sma3_amean,spectralFlux_sma3_stddevNorm,mfcc1_sma3_amean,mfcc1_sma3_stddevNorm,mfcc2_sma3_amean,mfcc2_sma3_stddevNorm,mfcc3_sma3_amean,mfcc3_sma3_stddevNorm,mfcc4_sma3_amean,mfcc4_sma3_stddevNorm,jitterLocal_sma3nz_amean,jitterLocal_sma3nz_stddevNorm,shimmerLocaldB_sma3nz_amean,shimmerLocaldB_sma3nz_stddevNorm,HNRdBACF_sma3nz_amean,HNRdBACF_sma3nz_stddevNorm,logRelF0-H1-H2_sma3nz_amean,logRelF0-H1-H2_sma3nz_stddevNorm,logRelF0-H1-A3_sma3nz_amean,logRelF0-H1-A3_sma3nz_stddevNorm,F1frequency_sma3nz_amean,F1frequency_sma3nz_stddevNorm,F1bandwidth_sma3nz_amean,F1bandwidth_sma3nz_stddevNorm,F1amplitudeLogRelF0_sma3nz_amean,F1amplitudeLogRelF0_sma3nz_stddevNorm,F2frequency_sma3nz_amean,F2frequency_sma3nz_stddevNorm,F2bandwidth_sma3nz_amean,F2bandwidth_sma3nz_stddevNorm,F2amplitudeLogRelF0_sma3nz_amean,F2amplitudeLogRelF0_sma3nz_stddevNorm,F3frequency_sma3nz_amean,F3frequency_sma3nz_stddevNorm,F3bandwidth_sma3nz_amean,F3bandwidth_sma3nz_stddevNorm,F3amplitudeLogRelF0_sma3nz_amean,F3amplitudeLogRelF0_sma3nz_stddevNorm,alphaRatioV_sma3nz_amean,alphaRatioV_sma3nz_stddevNorm,hammarbergIndexV_sma3nz_amean,hammarbergIndexV_sma3nz_stddevNorm,slopeV0-500_sma3nz_amean,slopeV0-500_sma3nz_stddevNorm,slopeV500-1500_sma3nz_amean,slopeV500-1500_sma3nz_stddevNorm,spectralFluxV_sma3nz_amean,spectralFluxV_sma3nz_stddevNorm,mfcc1V_sma3nz_amean,mfcc1V_sma3nz_stddevNorm,mfcc2V_sma3nz_amean,mfcc2V_sma3nz_stddevNorm,mfcc3V_sma3nz_amean,mfcc3V_sma3nz_stddevNorm,mfcc4V_sma3nz_amean,mfcc4V_sma3nz_stddevNorm,alphaRatioUV_sma3nz_amean,hammarbergIndexUV_sma3nz_amean,slopeUV0-500_sma3nz_amean,slopeUV500-1500_sma3nz_amean,spectralFluxUV_sma3nz_amean,loudnessPeaksPerSec,VoicedSegmentsPerSec,MeanVoicedSegmentLengthSec,StddevVoicedSegmentLengthSec,MeanUnvoicedSegmentLength,StddevUnvoicedSegmentLength,equivalentSoundLevel_dBp
API,26.14958,0.22900335,23.648268,25.144073,27.290554,3.6422863,334.28345,734.48376,196.95131,330.46973,0.86734116,0.9045401,0.22819269,0.68748605,1.2891164,1.0609237,15.851739,9.805477,11.430505,7.314552,0.5371102,1.0461092,21.427229,0.72546333,1.2327722,11.567275,16.2286,0.9524392,-5.2643137,-3.1357493,0.029130958,1.9608016,1.5011941,0.6594495,2.3848565,1.6510724,3.3430214,2.5942886,17.39877,0.64575684,488.2135,0.43247455,1135.4623,0.21824734,-81.99031,-1.1621065,1502.2737,0.17010757,793.28436,0.42039722,-86.097275,-1.0371585,2541.3506,0.10538706,736.48694,0.44863206,-87.06788,-1.006388,-11.42312,-0.66797805,19.474413,0.45640182,0.016240295,2.0610588,-0.024311246,-0.6192416,0.73946136,0.8501241,27.7563,0.46303722,-2.3268745,-6.3562355,18.655193,0.9250134,-10.76092,-1.541609,-11.350367,21.348581,-0.04541569,-0.010707432,0.22428219,2.928943,2.515178,0.23172413,0.21513213,0.15562962,0.20654337,-26.0915
AIK,22.499113,0.17246169,20.233334,23.161917,25.264774,5.0314407,149.92308,200.69609,91.93677,120.51377,0.8249388,0.6315924,0.3603512,0.7344864,1.19432,0.83396876,10.964922,6.3022404,8.801403,6.089299,0.5170052,0.83004886,28.772459,0.44688433,4.8831005,2.1225255,16.45153,0.93475163,0.19323686,64.76303,0.040925696,1.7580317,1.397085,0.6923706,1.1653774,4.0602365,2.9974368,2.4054513,21.966408,0.33061618,480.19858,0.37921527,1259.5156,0.17235655,-44.90126,-1.6385509,1488.0851,0.16196549,934.5192,0.32211074,-54.99138,-1.2379675,2462.4482,0.11336498,852.1178,0.39151493,-57.237648,-1.169301,-14.81732,-0.31999102,21.836443,0.28942767,0.004143717,6.966511,-0.023057148,-0.5315265,0.57519406,0.7775461,31.844059,0.33046535,3.9805686,2.4553494,17.46988,0.917039,-0.48388892,-27.223604,-9.835491,16.651304,-0.021433769,-0.0139206415,0.2762243,3.5721295,2.8094304,0.2762937,0.28577873,0.072105266,0.064867936,-26.594326
AVL,19.462933,0.2876475,14.009961,18.058847,25.233475,11.223514,218.64812,271.2168,121.473495,101.696724,0.6805181,0.7168674,0.27371773,0.56092215,0.97837716,0.70465946,11.733392,7.3405147,9.367507,6.8183312,0.80391735,0.87525,28.556234,0.4268161,16.302422,0.8378175,20.917465,0.6210234,9.208637,1.4010665,0.12510884,1.3409133,1.786261,0.6424789,-1.9925561,-2.2042058,9.315764,5.3705025,16.858309,1.9244779,559.2653,0.42112,1283.7,0.20934586,-42.47797,-1.3288512,1634.0747,0.1710756,927.64624,0.44976035,-53.119827,-0.97986484,2765.9731,0.115265496,858.27966,0.61737776,-57.757145,-0.8652711,-21.721537,-0.38620442,31.855228,0.29220703,-0.060891535,-0.6011736,-0.014005271,-0.7327541,0.82870835,0.8972757,30.121231,0.3764429,15.217589,0.90437156,20.667412,0.65495557,7.7864223,1.664649,-25.199875,34.717834,-0.096619315,-0.006806964,0.6543637,2.8028193,2.559055,0.33352566,0.35289794,0.05018868,0.032271877,-32.252964
AYG,20.913927,0.2008839,18.124508,21.162214,23.27693,5.152422,208.32323,197.05566,154.97739,330.7427,0.8392997,0.8823687,0.14968175,0.6681779,1.3663574,1.2166758,16.356642,8.196607,15.002437,10.086698,0.68056476,1.0333707,26.467209,0.5483313,6.3396807,1.8568038,14.739031,0.8814393,-2.188039,-6.5128098,0.047924995,1.6526773,1.6866803,0.70667857,0.038009167,111.60204,3.3413434,3.7038546,21.550478,0.4998287,525.81305,0.38375124,1273.5286,0.19727081,-69.99966,-1.2601136,1534.0955,0.17273548,964.71606,0.31813237,-77.14902,-1.0706669,2604.3398,0.12119317,814.5605,0.420822,-81.02227,-0.9842393,-15.929795,-0.43938464,24.756596,0.33425215,0.010360367,3.4750118,-0.024423642,-0.6414798,0.890745,0.8359543,32.60651,0.351522,4.1711264,2.9396665,15.803367,0.8920137,-4.8860064,-3.1895275,-14.128735,23.506142,-0.03546433,-0.0113737695,0.26295552,3.7224092,2.8833551,0.22097403,0.21662933,0.11715328,0.14814149,-24.046024
AKI,23.040365,0.16707256,20.451918,23.070953,25.640764,5.1888466,201.39948,471.01862,126.89279,190.43813,1.3647982,0.5965321,0.67048204,1.1837873,1.9536021,1.28312,20.653685,11.661314,13.728875,8.172912,1.0010066,0.8402695,22.868126,0.58345807,1.152069,11.689481,7.69391,2.0301852,-0.9174743,-12.1282015,0.04165743,1.5203103,1.5559049,0.6095024,0.830387,4.5449357,0.67697084,20.127287,14.546802,0.6990461,447.71127,0.3151698,1184.0496,0.18666418,-60.95273,-1.3895347,1447.0925,0.132063,884.13293,0.33514312,-67.23259,-1.187921,2442.8516,0.0894132,863.78864,0.4230127,-70.44994,-1.1044127,-11.195216,-0.5368987,21.114408,0.34033662,0.004479595,7.0234027,-0.022353197,-0.58139366,1.209867,0.7175592,27.751596,0.37541607,1.1699718,11.361111,8.741412,1.9243428,-1.2820827,-9.384201,-4.57008,12.608036,-0.022160962,-0.011425553,0.47772828,3.7136812,2.408478,0.28808,0.3215306,0.11556521,0.14169896,-21.71643
APS,22.976847,0.19260094,19.063065,24.422178,26.022453,6.9593887,356.3093,385.13364,117.55465,156.33319,1.7539228,0.78537095,0.6790037,1.3150353,2.6721215,1.9931178,33.56714,26.90959,25.559801,18.52848,6.6519547,1.6329292,28.921167,0.52906036,11.134419,1.0712808,22.225641,0.60092866,9.68972,1.3435966,0.06543404,1.8805155,1.5063581,0.9048913,1.8973752,3.0025382,6.7591147,3.6923566,25.806522,0.7138083,511.33588,0.40110785,1251.0248,0.20539916,-83.10071,-1.0161768,1569.415,0.1816673,993.309,0.38880748,-92.34117,-0.8356594,2619.712,0.11780745,891.9394,0.42061505,-95.14552,-0.7887664,-22.672852,-0.3384314,32.227936,0.2703714,-0.068098046,-0.5315475,-0.021195104,-0.52249265,5.550932,1.5974036,35.6654,0.3118335,10.88241,1.1138783,24.258308,0.5969032,6.5181537,2.079684,-21.320662,31.533998,-0.10405894,-0.010392172,8.58862,3.7093692,3.2356884,0.18763313,0.18496527,0.10828026,0.09432412,-13.323846
BEC,24.286964,0.13644497,22.567812,24.21842,26.362606,3.794794,220.13013,336.89294,154.8757,358.87326,1.0803121,0.6136443,0.53061044,0.94077367,1.5259001,0.9952897,17.893272,10.666287,13.761676,9.609616,0.7966758,0.8763238,25.534864,0.60492116,2.4087791,4.835871,11.281826,1.1896272,0.95968735,13.55692,0.03899465,1.5392219,1.5070884,0.6606271,1.4221824,2.7982206,3.7219005,2.4163115,20.0856,0.44381246,473.061,0.44198787,1227.173,0.18394682,-60.58455,-1.4260283,1458.938,0.16710086,894.20105,0.32129776,-67.4753,-1.1924597,2426.1182,0.112369776,788.9742,0.3626428,-70.571846,-1.1123159,-12.941472,-0.4427406,21.629246,0.3260346,0.020090794,1.3205603,-0.018558782,-0.6034835,0.97182786,0.7538972,31.43176,0.38135183,2.053745,5.818909,12.869738,1.1091101,1.6327541,8.577156,-5.139488,12.537317,0.0027977487,-0.009123843,0.35467517,3.7082317,2.2031825,0.31592593,0.33159,0.13652174,0.1990217,-23.57524
BTZ,21.381413,0.2460753,18.087261,21.300644,24.080914,5.9936523,298.4986,542.0891,155.03195,475.3221,0.95975673,0.8695414,0.27130547,0.73579246,1.4764694,1.205164,18.383871,12.531966,14.652244,10.171523,0.587746,1.0526226,24.863194,0.7028448,-1.6019822,-10.548849,18.25875,0.8909186,4.5151696,2.937597,0.04431398,1.837871,1.6277398,0.79009426,0.52651113,8.240936,2.3756413,4.4360294,17.871696,0.56281257,546.9069,0.46154332,1218.7272,0.2019444,-62.60032,-1.3324829,1562.4132,0.18302187,908.4136,0.31403503,-67.701004,-1.1622499,2532.733,0.12649572,842.5894,0.32993484,-68.84149,-1.1280333,-11.67968,-0.6213242,19.444077,0.39840367,0.0033862356,11.428083,-0.014536527,-0.9037114,0.72745633,0.91447204,31.446194,0.4239584,-4.9890895,-3.401171,20.723452,0.8161805,3.1263545,4.516989,-6.4997897,14.2339525,-0.03366658,-0.0032287166,0.23424275,3.2623296,3.2660904,0.20988235,0.19601321,0.08222222,0.09236344,-24.75215
BNG,28.79329,0.28110313,19.404829,31.119139,34.20796,14.803129,311.39426,505.53644,153.78778,260.795,1.7896278,0.7342703,0.52472544,1.5467627,2.9065528,2.3818274,28.998102,14.348638,21.61617,12.827965,1.6078336,0.8331682,20.688337,0.8045389,9.665134,1.4678367,17.68431,0.8808039,1.7270755,9.220626,0.054371502,2.1911266,1.2569283,0.8535723,3.7460032,1.8885092,5.375515,3.6690707,19.178532,0.9447632,535.1736,0.47472465,1166.8955,0.23502775,-56.019077,-1.4196049,1610.0374,0.19496757,791.9144,0.47086996,-61.36096,-1.1404283,2634.9265,0.12983477,765.1742,0.44974282,-62.102627,-1.1209174,-14.732462,-0.593497,22.589817,0.45299754,0.0031327466,15.539263,-0.018061252,-0.7281493,1.830748,0.7460883,25.240452,0.5237696,7.853637,1.740463,17.11968,0.963104,-0.7579684,-21.96967,-9.142307,16.242823,-0.06325753,-0.006422173,0.8535625,3.2480316,2.8989587,0.25859222,0.25549394,0.07789473,0.056539696,-23.114948
CCK,23.007072,0.17259395,21.743124,23.340347,24.87317,3.1300468,198.72292,331.8456,87.2862,111.49028,1.1173126,0.6527843,0.37157565,1.0412576,1.7066431,1.3350675,15.880187,8.288428,13.5697565,9.125126,0.7366665,0.75044286,28.818167,0.56582314,4.269016,3.2095022,12.692913,1.22378,-0.27159938,-47.91704,0.03545157,1.9752265,1.3211012,0.76432836,1.6364796,2.785061,3.0827684,2.6552174,23.116415,0.43284824,479.15826,0.40306056,1240.379,0.19620743,-53.267513,-1.5344222,1475.8206,0.15783516,926.46783,0.3477593,-60.908997,-1.257499,2524.3027,0.09828768,844.73566,0.3795471,-65.66514,-1.1220578,-13.809717,-0.46543235,24.198622,0.3370499,0.0062926975,4.6112485,-0.023855723,-0.54000163,0.8503147,0.65126103,33.680183,0.36570835,2.1578772,5.8821025,13.940461,1.1735352,-0.20089768,-68.3514,-8.547454,17.082554,-0.022823898,-0.015704121,0.39092007,3.615668,2.7810354,0.25951806,0.282544,0.09352518,0.09671481,-23.328808
CJP,23.47978,0.24327466,16.791988,25.299498,28.176468,11.3844795,186.26602,192.28183,113.0115,137.48969,1.6757053,0.7550717,0.57520866,1.341684,2.5093212,1.9341125,31.192497,21.206705,26.681158,18.796213,1.7785404,0.8920825,23.318367,0.5516819,9.16159,1.4345704,17.436438,0.75828654,7.0596905,1.598249,0.07681304,1.9018272,1.5133636,0.7138907,0.54948324,10.456468,6.673473,2.6512806,23.27689,0.54478467,571.1145,0.4766256,1183.4617,0.2057346,-44.31131,-1.5762769,1622.2913,0.19069818,868.7606,0.3908711,-52.658783,-1.2194159,2661.4314,0.14024447,774.6617,0.40502542,-56.04434,-1.1177431,-14.089048,-0.47027954,23.83866,0.3162892,-0.0022735465,-15.893658,-0.010665833,-0.93772393,2.0002072,0.8191813,26.687256,0.3926734,7.8214912,1.6900587,18.204994,0.77459306,6.4533215,1.8447261,-8.443272,15.927895,-0.03088712,-0.0042984984,0.7774042,3.3756099,2.6171877,0.30611938,0.30669376,0.06247863,0.050109368,-23.274885
CTH,23.294334,0.14385715,21.341518,22.626682,25.410074,4.068556,214.07982,317.6063,92.121056,169.79677,0.95565563,0.584576,0.44987172,0.8582866,1.3879722,0.9381005,11.940289,6.3095407,9.127826,6.0335035,0.6209581,0.7465901,25.723358,0.5548026,-0.024529237,-588.901,16.56157,0.91551614,1.6273373,8.716795,0.03996873,1.8622175,1.5306894,0.63629466,0.74230504,4.956615,1.3675086,6.4013786,17.004993,0.5736722,491.50253,0.4544489,1224.197,0.17938818,-55.950073,-1.5148711,1498.8726,0.17310208,890.226,0.30234838,-63.175896,-1.2460904,2486.8313,0.10725222,800.3585,0.33306363,-65.876854,-1.1711509,-12.261706,-0.4155798,20.141006,0.31800234,0.018222757,1.4590343,-0.016463783,-0.63146275,0.73110336,0.6385219,30.371494,0.37551475,-1.2360351,-11.414331,18.917536,0.81286174,2.0052893,7.58576,-7.9441776,16.031689,-0.00461423,-0.011503285,0.31059635,3.250774,2.1111758,0.33990824,0.4606965,0.13977012,0.19868518,-26.308132
DUT,22.693106,0.22647741,17.984697,23.21226,26.539526,8.554829,313.11172,489.5079,92.2703,147.76288,1.3526732,0.76082766,0.3547233,1.1428012,2.1448467,1.7901233,22.945282,12.606665,18.571342,11.044419,1.1056617,0.8259407,25.052988,0.5682943,7.2536964,2.261615,23.251354,0.63351625,6.5314264,2.5170608,0.066927135,1.8828425,1.5317459,0.75013167,0.7367112,7.0534654,4.0053453,5.9783087,18.625687,0.98896,530.9003,0.50272226,1204.0769,0.24097112,-42.55716,-1.6165017,1553.2952,0.19254784,852.75464,0.41946945,-50.628742,-1.2547001,2598.232,0.11984509,790.83813,0.4119402,-53.82346,-1.1548631,-14.499603,-0.53829795,23.409023,0.3904713,-0.01869382,-2.342833,-0.01096717,-0.90300614,1.2239479,0.76640195,28.37367,0.38861084,4.2027874,3.6747284,24.217543,0.6102775,4.050972,4.0484924,-15.262862,23.281008,-0.07227801,-0.0042549283,0.55643535,3.7366893,2.5586355,0.31598485,0.29260546,0.066923074,0.04512967,-27.360142
DDM,22.538328,0.25056422,14.645205,24.54213,27.088058,12.442854,229.0897,265.47095,91.53978,97.83811,1.02677,0.6098293,0.41898504,0.9210101,1.5135489,1.0945638,12.205461,6.411513,10.452822,5.928815,0.7468687,0.7146094,25.707767,0.51661915,9.272711,1.2350122,15.886367,0.87551254,1.8155265,5.2828374,0.07141643,2.286151,1.4119433,0.7956185,1.879161,2.9749107,9.029319,2.2208729,25.174757,0.3808495,510.14444,0.4537298,1256.4254,0.19477317,-31.895515,-2.0107355,1555.0881,0.1820978,892.7843,0.36196253,-42.67751,-1.3771156,2597.9563,0.11220953,785.7261,0.43814692,-46.443043,-1.224127,-15.719705,-0.41442344,25.49266,0.2888933,-0.0006845057,-57.955276,-0.012495295,-0.69315773,0.77413094,0.6955978,28.675318,0.35906315,8.321457,1.3777506,15.271239,0.9362282,1.8535278,5.3306937,-8.116128,14.765827,-0.040337708,-0.0059107314,0.55803627,3.4789643,1.6682864,0.5191262,0.43848395,0.07341463,0.050587278,-29.917925
DAB,24.438887,0.070430085,22.975082,25.162848,25.593576,2.618494,88.241936,89.050064,27.026602,44.11278,0.849978,0.49466383,0.45825648,0.7708602,1.1914048,0.73314834,10.823523,6.122145,9.628116,5.844809,0.637975,0.52953225,29.47469,0.41555378,10.780973,1.059851,23.389692,0.53250766,12.150895,0.9738635,0.037357867,1.440329,1.1738089,0.5918993,4.058616,0.71540064,1.6357019,4.653006,18.053635,0.58173335,680.05536,0.52291405,1102.999,0.26790327,-19.41741,-0.7814283,1687.5629,0.22757325,892.4353,0.34940344,-28.8869,-0.42987496,2731.5,0.14986058,771.402,0.38194516,-32.29007,-0.38593778,-18.680458,-0.37566456,28.812897,0.31234202,-0.03465618,-1.1883848,-0.010011199,-1.0089803,0.6386986,0.52856034,29.473188,0.4159022,10.774507,1.0612062,23.385077,0.53248715,12.137851,0.9753164,-22.26374,31.206577,-0.050947577,-0.011655735,0.6669855,4.570609,0.02052124,48.719997,0.0,0.0,0.0,-32.17532
ESS,24.661816,0.15800938,23.834919,25.434563,26.85267,3.0177517,226.49388,290.20654,60.968155,125.31686,0.7756299,0.610967,0.32281047,0.71416235,1.1188903,0.7960798,10.318159,5.994569,8.1903305,5.2734675,0.49794084,0.77462894,28.486006,0.60191566,10.633594,1.1567881,11.962481,1.2463415,0.676563,17.061512,0.04110694,2.2808504,1.2792776,0.75544834,2.936262,1.5682657,3.5506907,2.5626872,25.972637,0.35249102,460.7658,0.29998538,1247.0289,0.17112899,-53.33446,-1.4858155,1466.4473,0.15825866,984.77795,0.32650122,-63.978146,-1.13338,2497.2559,0.10632926,912.9118,0.45473692,-68.85932,-1.0104606,-17.68153,-0.40997392,27.13786,0.2974976,0.0133150015,2.5344224,-0.026954537,-0.5075898,0.5543067,0.73000526,34.470905,0.34166437,9.346173,1.2318178,12.63249,1.2571789,-0.5765222,-20.827188,-7.5343156,14.566417,-0.017877534,-0.013382336,0.308682,3.6772397,2.7210886,0.27365384,0.26077077,0.081,0.08260316,-26.570139
ENN,24.824295,0.22258574,23.615538,25.15406,26.826729,3.2111912,241.89485,257.35544,110.61434,195.60413,0.5704093,0.57451934,0.28797027,0.5314198,0.81040543,0.5224352,8.002994,4.628938,5.3191733,3.340666,0.32504916,0.6899146,23.48773,0.6874277,8.802037,1.4203899,16.17051,1.0135459,5.9905114,2.1717875,0.049994987,2.0895298,1.4503118,0.6432464,2.630359,1.5733491,9.216396,1.0074896,23.730976,0.4650479,468.35834,0.4110467,1188.5254,0.20961906,-64.00392,-1.2742295,1472.114,0.16732934,867.7476,0.40401128,-69.97081,-1.0859202,2454.7378,0.121387936,792.18365,0.38476095,-72.378784,-1.0265894,-14.797679,-0.5463197,23.722246,0.38958472,-0.012818914,-2.2487884,-0.0184799,-0.6898274,0.36318356,0.60862845,28.706078,0.45164755,8.54927,1.433261,17.059462,1.0197397,5.552792,2.4712818,-8.992484,17.293762,-0.038222607,-0.007743896,0.21657561,4.0116844,2.5925927,0.2742105,0.2394047,0.09764228,0.110033855,-31.682432
FKF,20.236403,0.16821909,18.47778,20.12028,21.882278,3.404499,179.6204,262.79337,73.260445,107.396324,0.57297873,0.5613119,0.25703818,0.540137,0.8302614,0.57322323,7.3739295,3.9708807,5.8453517,3.5449853,0.32585248,0.607145,24.702925,0.54584515,9.614845,1.1248496,16.895958,0.7004072,-0.7885865,-15.201234,0.029281171,1.4764996,1.3479086,0.6591582,0.9332631,3.979994,8.718545,1.432411,24.715357,0.37472478,469.13324,0.3387617,1222.5577,0.18157095,-54.870987,-1.4400839,1495.212,0.14760382,953.07666,0.39857715,-64.79474,-1.1273386,2505.5479,0.11004546,908.4555,0.4561469,-67.63141,-1.0561821,-16.16697,-0.38799757,24.420683,0.32359394,-0.020751048,-1.4550085,-0.022374202,-0.4976568,0.361356,0.5384109,28.464127,0.37236214,9.892576,1.0893018,18.267805,0.6676737,-2.0961547,-5.9382,-10.538133,18.44315,-0.037226036,-0.013180702,0.21454816,3.763722,2.389257,0.30737227,0.31527588,0.100983605,0.07346695,-31.93715
IAA,25.045292,0.22749093,22.973532,25.399567,29.141613,6.1680813,205.74998,318.24417,108.92332,192.13208,0.9450234,0.88391155,0.27312165,0.68835104,1.522309,1.2491872,20.417076,11.571119,17.314503,12.143928,0.6660294,1.0719755,24.28472,0.5397481,0.6420265,20.86079,15.394029,0.9632067,0.05815916,227.36348,0.05026572,2.008555,1.4970226,0.66498435,1.275959,3.835496,4.50838,3.2277706,17.593681,0.5543902,484.2178,0.3972548,1187.5393,0.19883707,-77.72913,-1.126621,1482.5106,0.151212,866.8748,0.40749842,-81.97693,-1.0031691,2525.6257,0.10248989,805.8984,0.44671008,-84.701324,-0.94692516,-11.563511,-0.5563491,21.06578,0.36843434,0.004817155,7.9257565,-0.01435306,-0.7654553,0.8686928,0.89645916,28.867357,0.3680074,-1.3052318,-10.567674,17.1851,0.9187006,-1.7123612,-8.445189,-10.764445,19.873365,-0.036682565,-0.009969855,0.29155362,3.0906596,3.051966,0.20378378,0.23415579,0.1170103,0.13249125,-24.671076
IMC,21.32576,0.22454423,16.304745,21.631657,25.318295,9.01355,169.59851,135.55426,119.849785,123.38177,0.75786644,0.64489275,0.30114093,0.66823375,1.1390289,0.837888,8.755872,4.90316,6.545808,4.049184,0.7436922,0.588887,30.785925,0.37027606,12.740989,0.92672276,16.308632,0.72499514,12.262092,1.0755041,0.09179846,1.5493963,1.592805,0.6011939,-1.4321551,-3.62539,5.91117,3.984151,23.594965,0.59476787,479.79083,0.4447284,1270.8962,0.18960364,-20.721601,-2.0338686,1505.2301,0.17773427,969.6284,0.30207288,-34.6339,-1.1248761,2524.912,0.11373412,864.8483,0.36861083,-39.649807,-0.9490778,-19.319715,-0.36260703,28.64316,0.2932715,-0.025540167,-1.4726771,-0.011420367,-0.8383257,0.76239365,0.573615,31.86533,0.32022724,12.813434,0.9301044,16.421833,0.7219425,12.443987,1.0646077,-15.005872,22.247187,0.013164514,0.002142035,0.61908597,2.3850574,1.0352266,0.90486115,0.82196575,0.062093023,0.087724686,-32.31711
JEG,22.760777,0.1895346,20.85811,22.635422,24.368937,3.510826,186.58307,229.24248,100.36489,185.04659,0.8779511,0.6562562,0.34444186,0.7871314,1.2978379,0.95339596,13.734476,7.797207,12.768377,8.300971,0.5991926,0.7979276,23.327911,0.73837006,8.420223,1.5638716,19.566246,0.7439425,3.865108,3.5243316,0.033597723,1.4582152,1.532135,0.7080994,2.0098624,1.8188483,4.5319858,1.947945,22.078901,0.4463216,480.46695,0.34582207,1151.7808,0.19949341,-65.00034,-1.3188872,1518.3088,0.1365202,904.33185,0.4211102,-74.45321,-1.0545741,2477.8452,0.12912154,889.7353,0.36774787,-76.04802,-1.0172153,-15.337215,-0.5294062,22.648357,0.38488007,-0.00060327625,-50.281673,-0.025279272,-0.5272654,0.7279372,0.6702276,29.884602,0.42882192,7.724612,1.6052886,21.912277,0.688643,2.5667818,5.804203,-7.227541,14.984384,-0.032734767,-0.010859936,0.29892546,4.28449,2.637787,0.25569105,0.215271,0.108879305,0.120357014,-25.733519
JLG,23.30151,0.2471249,17.399546,23.995766,28.038609,10.639063,181.39622,184.6482,130.86841,160.66685,1.3762761,0.6130016,0.60089827,1.1924764,1.9445053,1.3436071,22.35574,12.325846,17.824953,11.109672,1.4368418,0.75094193,22.710855,0.57210165,14.758756,0.75487566,14.2134,0.87507474,1.7336421,6.457034,0.08573314,1.6101191,1.5289205,0.6997201,-0.29479787,-18.604961,3.0727937,4.4788017,23.222809,0.47054875,505.16232,0.4278167,1201.5442,0.19616978,-39.179714,-1.8074512,1571.1296,0.17688166,891.6721,0.39000723,-51.71345,-1.2344712,2627.1694,0.116340846,783.1932,0.513391,-53.997543,-1.1614425,-16.281427,-0.3732639,24.296564,0.31130102,0.015630398,2.1958764,-0.021136634,-0.60621834,1.5963658,0.6937974,26.253885,0.37886795,13.648289,0.76686496,13.941297,0.91618365,0.9558576,12.04371,-7.0930095,12.773355,-0.01205773,-0.00921084,0.6878618,4.359673,2.4763904,0.3274576,0.28044817,0.06525252,0.040659793,-25.743166
JFY,23.435822,0.15126841,22.273254,23.980482,25.436197,3.162943,249.6532,319.09213,95.40604,129.48186,0.9590308,0.5483642,0.49847043,0.84730816,1.3265945,0.82812405,11.654082,6.4861236,10.212101,6.616132,3.5424168,0.8952448,28.481606,0.36315432,10.48898,1.0240473,18.53833,0.6700215,7.576799,1.7145349,0.041154545,2.1813607,1.6096394,0.66565484,1.2127169,4.259757,4.342314,2.9600155,23.759882,0.40126804,510.64465,0.39035988,1236.0859,0.18924895,-83.75848,-1.1008042,1572.3663,0.17049521,971.81836,0.3928918,-91.80115,-0.93115956,2657.031,0.09533514,915.99634,0.46747258,-94.71722,-0.8768065,-22.52615,-0.3471013,33.356052,0.28125048,-0.06913851,-0.52019256,-0.021185672,-0.49999696,2.9914403,0.87927693,32.462315,0.25925815,7.571589,1.5413765,17.813055,0.78894085,3.477161,3.9402568,-31.20845,43.097786,-0.123305954,-0.011730904,4.381137,3.749741,3.152219,0.18118422,0.22946432,0.12103447,0.14336704,-22.23062
JJC,26.021326,0.17665382,22.416687,25.774506,30.119812,7.703125,154.39278,187.34279,77.84206,122.23743,0.9170914,0.6159808,0.4532702,0.7729862,1.3368007,0.8835305,16.674366,9.65072,12.933464,7.971261,0.6095428,0.85716844,20.10805,0.74914604,4.2652035,3.546913,13.56166,1.1704359,-3.8627028,-3.7594066,0.053942326,1.7019968,1.4082518,0.71541125,1.6170807,2.409446,3.6219025,2.2507436,18.88509,0.5051396,440.57526,0.34783363,1124.7838,0.20842625,-71.44389,-1.2451416,1462.0808,0.14970529,787.0339,0.42555708,-78.35093,-1.049192,2509.8796,0.08318513,714.6804,0.3997061,-80.1973,-1.0076172,-11.788604,-0.5957581,20.039179,0.39601314,0.024603685,1.3446898,-0.021868542,-0.59680885,0.7590518,0.7293645,26.577692,0.4126642,2.9742496,5.265369,15.550322,1.0977846,-6.3744326,-2.4313617,-5.2443776,12.542778,-0.011891034,-0.011740368,0.31389445,4.755179,3.087438,0.2055725,0.17635472,0.105619825,0.11009305,-27.123825
JGY,24.212969,0.17703724,23.442009,24.37294,25.676374,2.2343655,182.9774,241.34695,102.95201,189.66699,1.0657544,0.65655524,0.41556472,0.95853615,1.5530558,1.137491,15.468755,7.9502993,11.93756,7.6917233,0.68414426,0.74499094,26.835884,0.59931725,4.4672017,3.2175674,17.853493,0.8439662,-5.4491034,-2.6402936,0.029013228,2.2301269,1.2935437,0.74197316,2.5389116,1.7785572,2.903809,2.9193168,22.7217,0.49722055,441.89767,0.29907244,1166.0425,0.23314506,-60.6232,-1.4184997,1465.2693,0.12386126,848.68494,0.44108072,-69.72628,-1.1400717,2507.6194,0.08589794,834.343,0.47436744,-72.92526,-1.0605568,-14.493037,-0.5051894,23.613163,0.3735513,0.0066520046,4.504034,-0.026898898,-0.45576188,0.8014459,0.64674556,32.356117,0.36951488,3.0237477,4.786003,19.942402,0.7945084,-7.2096887,-2.1257303,-7.4612246,15.6345415,-0.026423493,-0.015497834,0.3906912,3.5255299,2.5899532,0.26516777,0.27074492,0.11265152,0.122788675,-24.214071
JAS,19.056953,0.19234677,16.510153,18.820456,21.394125,4.883972,217.1708,230.44202,74.551796,84.4827,1.3177029,0.69867426,0.45288548,1.1210859,2.1212504,1.6683649,20.763502,11.580023,15.326731,9.31555,0.9459121,0.8086146,25.381804,0.5934195,-2.5973568,-6.1297445,25.87975,0.6217937,-4.9091196,-3.2406557,0.046954446,1.9485419,1.5054374,0.80609226,-0.20333005,-20.976513,3.1808357,4.677829,15.956732,0.62888384,566.3313,0.4616221,1206.7762,0.18131976,-51.46729,-1.5737784,1593.2017,0.18484823,847.0214,0.35785618,-57.719364,-1.3248172,2622.776,0.10339507,753.7064,0.35223317,-59.00771,-1.2832849,-11.347878,-0.5388235,18.738602,0.37209713,0.02061832,1.7314205,-0.015875775,-0.80783033,1.081977,0.70478225,30.263174,0.35693416,-4.779868,-3.1880586,28.97313,0.55261105,-6.3248744,-2.6397364,-4.2486153,10.946852,-0.007887454,-0.00827942,0.53087455,3.5235543,2.7793753,0.26186207,0.24031581,0.08488549,0.07384082,-21.75962
JBM,25.920536,0.091906466,25.090733,25.63723,27.363243,2.2725105,122.818115,209.1448,41.148388,50.78566,1.912585,0.678156,0.5633159,1.7902476,2.905817,2.3425012,29.077858,17.04541,25.282604,17.09043,2.6693864,1.2032293,30.517332,0.5165294,16.328901,0.63275737,19.822714,0.8016745,7.1139894,2.1206946,0.029550808,1.823667,1.1899153,0.8158252,5.1689034,0.758028,6.3893456,1.3926905,26.458544,0.51960516,648.34393,0.5229471,1165.4783,0.23542951,-22.8978,-1.7330745,1663.1643,0.23667598,964.3329,0.36839122,-35.14524,-0.9874795,2713.348,0.1470317,879.2469,0.4252088,-40.062473,-0.82782865,-21.800865,-0.37712184,32.30462,0.31215352,-0.029554477,-2.1665232,-0.017705925,-0.7641392,2.5108051,1.0256357,31.86125,0.44889784,16.057388,0.63062,19.586432,0.8117503,6.91047,2.2045805,-9.879624,17.227541,-0.08809823,-0.007627767,6.1910563,3.855018,0.755192,1.2586111,1.1102631,0.05193548,0.024285845,-18.550444
JJS,25.245634,0.2260518,22.484926,25.542393,29.164295,6.679369,208.80823,355.95706,100.454735,110.75758,1.4214398,0.736547,0.47719774,1.1555914,2.2235775,1.7463797,26.000002,13.3633175,20.841257,12.874513,1.0314007,0.9324125,25.013147,0.54496765,1.1254956,12.315474,12.265032,1.2069932,-4.719553,-3.087354,0.05084371,2.2051985,1.5407282,0.73171735,2.1087046,2.1841621,4.068241,1.9663082,17.438795,0.5033852,461.78723,0.33409545,1174.4323,0.19334579,-55.06803,-1.3996661,1479.0486,0.14518464,853.5188,0.39127323,-60.54381,-1.1997031,2529.8416,0.08988253,844.8453,0.45305893,-63.463047,-1.114479,-11.394826,-0.54523575,20.286451,0.3851738,-0.0032804902,-10.254623,-0.022610025,-0.48575637,1.2013286,0.84195894,28.493347,0.38779148,-0.5918717,-23.800947,13.250851,1.1781032,-5.8241334,-2.6246057,-8.896161,17.39159,-0.03531498,-0.017610263,0.44499868,4.011288,3.0064569,0.24872482,0.23197517,0.07307086,0.05651997,-21.263521
KCO,19.092978,0.1534338,16.764317,19.38338,21.158094,4.393778,181.86227,197.40634,111.991196,174.18118,1.0400935,0.5528532,0.52372736,0.91786414,1.4412295,0.9175021,14.724913,8.938416,12.7149935,7.7061462,0.90575635,0.6500585,25.66427,0.49958336,8.735569,1.2574267,13.754844,0.80300933,3.2019327,3.1757827,0.057642747,1.7873243,1.6697975,0.70652765,-1.1040597,-3.8793159,3.8491108,5.5558953,20.773859,0.51689106,503.08325,0.40376538,1275.1422,0.15617162,-55.06405,-1.4416746,1511.6455,0.16545476,999.52277,0.28872618,-66.1157,-1.097147,2526.2478,0.1110837,893.96313,0.3620768,-70.016266,-1.0029495,-15.658175,-0.38290516,25.497585,0.272342,-0.00069027895,-50.72587,-0.01689158,-0.6194662,1.0165533,0.59601027,29.698513,0.3112917,7.687033,1.3770947,14.394894,0.7823543,2.090163,5.106019,-9.573931,17.549404,-0.029895434,-0.0099346135,0.5843376,4.006382,3.35642,0.21380952,0.2135175,0.07276073,0.054110635,-23.716263
KTM,22.41057,0.3030499,14.847591,24.236849,27.551529,12.703938,337.7308,579.2653,157.8427,555.5405,1.1513059,0.8134483,0.246819,0.9527094,1.9340122,1.6871932,20.210941,11.670027,18.841318,11.787068,1.021937,0.9227023,20.397758,0.77788997,15.671341,0.71237034,15.245751,0.8025687,3.3160615,4.6070056,0.060391176,1.8019323,1.6086627,0.7558948,0.17844649,37.244396,5.217687,4.7276325,22.711967,0.81852716,567.57196,0.44355905,1240.5236,0.22430925,-45.144524,-1.5205166,1629.984,0.17491658,924.4705,0.4358967,-54.060917,-1.1639346,2770.9302,0.12668914,925.9159,0.61341035,-58.335106,-1.0392982,-16.801975,-0.45692834,27.04791,0.33029607,-0.015637564,-3.115671,-0.01306181,-0.9159912,1.1027265,0.90645546,24.41785,0.49804297,15.44317,0.710816,15.056293,0.8500564,2.0573273,7.8737183,-6.4852057,14.191439,-0.049535055,-0.0027006492,0.6577008,3.2503662,2.8722157,0.27714285,0.28328967,0.06676056,0.04544846,-26.913523
LRS,18.178583,0.19896969,15.047048,18.355003,20.399399,5.352351,123.948296,153.28781,69.727234,89.94665,1.0977856,0.8325132,0.25415868,0.894639,1.7610625,1.5069039,20.321836,12.321489,18.281322,12.00656,1.3491529,1.9414657,28.875332,0.57688546,10.54836,1.184465,18.06441,0.65845484,9.562231,1.1311297,0.050013836,1.5272061,1.6739616,0.7895361,-1.4078372,-3.7281418,-1.4517657,-14.066446,19.663965,0.9737284,496.57034,0.41822428,1283.3811,0.19550101,-39.40382,-1.6815039,1515.6588,0.17213835,1036.8424,0.3005652,-50.861362,-1.1973323,2504.0452,0.12585156,889.33344,0.36699173,-54.587658,-1.0849602,-19.020908,-0.38271692,27.938059,0.30079192,-0.023626393,-1.7159857,-0.014777982,-0.6947971,1.2491745,0.81483346,32.927475,0.39455134,9.123396,1.388832,17.852854,0.69640726,9.815504,1.1444324,-12.507129,20.634375,-0.056970824,-0.0070981383,1.8640234,3.5887656,2.499566,0.32708332,0.3052091,0.068584904,0.059975445,-23.974335
MEP,27.851109,0.17187265,25.29015,27.400326,30.881207,5.591057,265.0114,405.9755,97.40789,100.3837,1.5017308,0.6664729,0.6064914,1.2906966,2.184374,1.5778828,23.004519,14.769464,18.944262,12.665395,4.742108,0.8663669,25.508444,0.48239103,5.100087,3.3787515,23.219322,0.6494402,4.099277,3.3912263,0.04480954,2.218079,1.5219358,0.68006015,3.0360384,1.4055563,6.5470424,1.705656,18.274704,0.60055554,488.39252,0.38505235,1157.878,0.20475882,-83.629105,-1.1200775,1538.6462,0.155356,816.441,0.44121647,-86.499084,-1.0220922,2567.5317,0.09911163,881.0237,0.44845998,-88.35674,-0.9829755,-17.030735,-0.5235787,27.998842,0.37770936,-0.06864019,-0.5656975,-0.015777525,-0.6354576,4.0961294,0.7455105,30.087889,0.28658092,-2.279672,-6.7702427,23.878027,0.733856,-0.04435216,-336.18674,-28.012077,38.33906,-0.12495361,-0.011517451,5.7314534,3.6789904,3.1774688,0.18068181,0.15480408,0.12360248,0.121387154,-20.034159
MEZ,26.619173,0.16735458,23.965443,26.673847,29.800861,5.8354187,121.58403,97.98494,111.0996,256.4248,1.3325126,0.6158219,0.59454334,1.2138911,1.9214607,1.3269174,20.382145,12.1453285,17.15442,11.586305,1.0496135,0.815351,24.491919,0.58907795,4.7118316,3.0518675,14.875254,1.1197138,-10.420814,-1.3853034,0.04560556,1.9151067,1.4337281,0.6216123,1.8182882,2.2989554,2.6384423,4.0598326,20.84081,0.49064898,485.3184,0.442783,1184.5237,0.17761433,-50.564842,-1.5844349,1487.9072,0.17418128,853.64233,0.33931533,-57.941917,-1.2603674,2526.2603,0.1136607,694.2744,0.4448638,-61.246826,-1.16155,-12.745517,-0.48019403,20.4773,0.34468856,0.035825886,0.8555368,-0.021950163,-0.5298582,1.1941628,0.749254,28.585045,0.37674037,2.758902,4.722336,17.191856,0.98496467,-11.639745,-1.3199861,-6.221607,13.493801,0.011737206,-0.016513603,0.56043893,4.300578,2.7083333,0.27581194,0.25156003,0.08047619,0.08340815,-21.830381
MKO,23.004892,0.20297576,19.826023,24.006632,26.547796,6.721773,235.04944,307.6619,108.938675,156.16858,1.1515832,0.5894447,0.5723024,0.99193704,1.6431909,1.0708885,16.416069,10.018014,14.242641,9.659919,0.75236744,0.77168554,22.994131,0.57713395,3.1645823,3.754062,15.382563,0.81172127,-2.1470864,-5.1756516,0.04914613,2.112044,1.3682418,0.7110338,1.3886635,3.2596679,6.4509406,2.4808471,18.876053,0.37164524,465.61893,0.312264,1186.9934,0.19049513,-64.46473,-1.2760623,1473.0951,0.133874,922.4598,0.36017635,-72.68115,-1.051756,2463.5945,0.086354904,836.31714,0.42350283,-74.63395,-1.0070286,-12.717181,-0.39596084,20.553535,0.28763443,-0.0029937506,-9.6249,-0.021243805,-0.5569675,0.8641498,0.73088205,27.866394,0.33145735,1.5943214,7.004798,17.715445,0.7238505,-3.6180902,-3.2810795,-6.071599,12.88992,-0.023876613,-0.011862969,0.48117486,3.6084256,3.5115035,0.19206895,0.17955516,0.07945355,0.072161965,-23.745281
NAF,20.899149,0.27954662,17.114468,20.582363,23.695118,6.5806503,204.74905,406.8415,89.29228,109.50476,0.61453384,0.8243916,0.19356413,0.50623894,0.8967875,0.7032234,9.378987,6.978744,7.22254,5.4223695,0.380037,1.0281637,23.69336,0.6472404,3.9981892,3.0530014,12.630063,1.0304029,0.77317876,16.925428,0.046733774,1.8732647,1.6754289,0.59247744,-0.3752344,-11.449814,3.7389245,5.2909155,17.095392,0.69341785,490.48242,0.402204,1208.6698,0.19303039,-63.01274,-1.3587743,1489.6956,0.16364041,917.2813,0.3175583,-69.378716,-1.1564713,2488.9946,0.114903904,834.3547,0.35961974,-72.359215,-1.0778173,-13.397763,-0.49801815,22.063915,0.37591895,0.0013953611,27.61222,-0.024702162,-0.49379066,0.4657586,0.91870487,29.458096,0.41341513,2.1377122,5.644486,12.161666,1.1621332,0.032625422,412.67242,-10.067764,18.578417,-0.04245988,-0.013661687,0.1750233,2.5947359,3.064275,0.21993902,0.22434865,0.10044118,0.09537748,-29.508186
POG,24.20528,0.22515775,21.697695,24.786215,27.251768,5.5540733,256.2262,362.13962,118.95784,212.09534,1.491943,0.67145133,0.51537585,1.3561814,2.256258,1.7408822,21.309889,12.323598,21.609646,13.504959,1.1981812,0.8239387,22.776806,0.70587087,6.452208,2.0265834,16.96301,0.8558123,6.587656,1.7677122,0.04258444,2.1340492,1.3510553,0.7633868,1.7174435,3.2867084,5.4264116,2.4529855,20.284822,0.5816041,519.8111,0.47719654,1171.7754,0.21966983,-43.58852,-1.6228619,1535.0779,0.19733158,850.6601,0.3781532,-50.801533,-1.2971404,2561.2124,0.13355574,771.4449,0.38531926,-54.17114,-1.1843785,-12.412496,-0.6017331,21.03206,0.39623323,-0.007982966,-4.808282,-0.012014652,-0.90722096,1.2852314,0.7901845,26.980114,0.45855528,4.8085694,2.57412,16.545645,0.93429136,6.0209165,2.0418336,-6.85756,14.717168,-0.056788065,-0.0023674674,0.82472587,4.1489363,2.6842778,0.295,0.27428043,0.065648146,0.0588513,-26.484951
RIR,26.481369,0.280595,18.748539,27.335922,30.95028,12.20174,274.6869,353.38498,102.2541,95.51601,2.235544,0.7619139,0.6140477,1.8944085,3.5867386,2.9726908,37.946266,21.701849,32.703236,23.117949,2.8066053,1.119762,20.6409,0.8224096,12.524945,0.9658904,13.984516,1.0878059,3.9370737,3.2749736,0.06928699,1.8116304,1.3993717,0.7279267,2.321853,2.4812598,4.534643,3.164719,22.37731,0.6134138,551.7648,0.46144152,1196.253,0.21725395,-46.58274,-1.5716186,1599.9795,0.19959168,894.93726,0.3822581,-54.237904,-1.2194291,2639.4949,0.124531396,779.86,0.4482576,-56.996063,-1.1316291,-14.864422,-0.59002876,23.456667,0.41041437,0.0019465458,23.170599,-0.018311592,-0.7753027,2.9677312,0.9862689,25.035723,0.54394346,12.230457,0.9757453,13.233853,1.2214128,3.1906958,4.1999846,-4.2160606,11.4339905,-0.0363986,-0.0051219356,2.139944,3.51268,2.4365134,0.3244366,0.31151044,0.075327866,0.06472115,-18.698277
RLM,24.73999,0.19601622,22.11439,23.806824,26.77495,4.6605606,188.63809,338.2994,87.81487,127.52378,0.8382876,0.6826183,0.3432665,0.7601569,1.2165767,0.8733102,13.626573,8.436594,8.821795,6.035066,0.4855479,0.90220106,21.232056,0.7194639,4.825714,2.9206352,9.668692,1.7769507,-1.4125657,-9.354831,0.031139296,1.6329322,1.4482607,0.5941641,1.2873039,2.8702338,1.5916835,4.354628,17.753382,0.58339244,507.71637,0.4385766,1186.7904,0.20460396,-58.342358,-1.5036747,1519.4242,0.18488821,868.13055,0.36992183,-64.08361,-1.2780188,2535.398,0.12457529,778.1605,0.4134236,-66.58384,-1.2025728,-10.905404,-0.6614049,19.862175,0.41791138,0.02320452,1.5174236,-0.019694014,-0.7376386,0.5936974,0.75688744,26.199215,0.4810869,3.3425195,3.9338734,10.106684,1.8095137,-3.2755914,-4.2143526,-8.309023,16.953945,-0.028481552,-0.007624104,0.20043735,3.47498,1.8882927,0.37252632,0.36070678,0.15695122,0.25044686,-27.9415
RNK,25.874374,0.16765729,23.870249,26.381403,29.001604,5.1313553,228.6457,298.89355,90.34609,161.25935,1.0886583,0.85127485,0.27227935,0.85532266,1.7329907,1.4607114,20.835127,10.654726,12.505083,7.893913,0.7480694,1.1525873,26.221336,0.4447707,-3.8843298,-3.8087323,12.943767,1.1217248,-4.424082,-3.3529499,0.038921278,2.1543667,1.4765222,0.59370655,1.6082184,2.7330632,2.384007,5.9826336,18.346603,0.72658175,555.68823,0.4635252,1239.5261,0.17302586,-56.98828,-1.513612,1560.5586,0.18328923,911.52374,0.28610978,-60.256866,-1.3437095,2583.9014,0.12674597,808.51855,0.3511883,-64.06074,-1.2272602,-10.429746,-0.6385488,20.527145,0.37476814,0.025357164,1.541498,-0.014846402,-0.8293279,0.8853341,0.817138,29.491947,0.3385282,-6.5837655,-2.2729094,13.87839,1.1024797,-6.981346,-2.1769161,-12.3353405,22.855972,-0.027721241,-0.008620665,0.37081552,2.7709057,2.4925718,0.28476822,0.32565737,0.11560976,0.16571674,-23.941051
SKB,24.349241,0.27297446,16.060383,26.825989,30.481321,14.4209385,251.94708,286.44257,116.18451,94.97474,0.9576048,0.5784017,0.43968797,0.8253163,1.380001,0.940313,14.994783,8.342946,11.830004,7.049288,0.8385772,0.69014573,25.828346,0.49401745,13.161142,0.7678989,11.265368,1.2323871,6.3497252,1.564622,0.085034885,1.7219734,1.603068,0.69370306,0.9386599,6.6656957,2.2115626,7.870669,23.760374,0.672162,532.09485,0.4428706,1266.9565,0.19061427,-35.30177,-1.7192233,1559.0935,0.18359424,933.8793,0.29342172,-45.016197,-1.2321793,2641.725,0.10761613,841.61017,0.48590112,-51.135166,-1.0325849,-15.7796755,-0.3954419,27.149723,0.27904662,-0.0069835177,-4.614744,-0.012276219,-0.7724079,0.88731813,0.67250687,28.369694,0.37935978,12.313134,0.7984877,10.3739605,1.3560482,6.407172,1.5825937,-9.514061,16.253983,-0.03212144,-0.0071934788,0.52569336,4.4914136,2.270723,0.37572813,0.30284926,0.056025643,0.035817903,-30.316835
SBK,21.46944,0.16857514,18.782045,21.095745,24.132896,5.350851,184.55283,214.91826,75.06926,119.99657,0.70371246,0.6036203,0.32987404,0.6175264,1.0012181,0.67134404,11.220683,7.486114,8.482071,6.772803,0.4997436,0.8281011,24.94528,0.559647,6.6177683,1.5515634,14.685488,0.94531155,5.482257,1.7307622,0.04250092,1.4642743,1.5833658,0.64265937,0.5241516,6.579819,4.750578,1.6150376,23.451277,0.33309674,449.60205,0.3683405,1200.9507,0.18729103,-75.40133,-1.17632,1455.8235,0.14628045,905.5225,0.32765236,-84.07536,-0.97007436,2432.8997,0.09113931,826.99,0.32890823,-86.44408,-0.92332184,-15.270769,-0.3627793,23.479544,0.26877812,-0.0026521801,-10.500938,-0.019676672,-0.54929143,0.61945134,0.71679974,30.48173,0.35975358,6.3923225,1.5254724,17.455355,0.848447,6.8547473,1.4619001,-9.782731,18.641367,-0.02286986,-0.011245319,0.27849188,4.0848927,3.0614576,0.20238805,0.2046007,0.11777777,0.13429213,-28.268099
SSP,20.276196,0.16208562,19.102634,20.68626,21.893816,2.7911816,213.21747,543.0514,69.973724,125.82017,0.8492228,0.5583948,0.4127637,0.78757143,1.2022557,0.789492,12.414989,8.184253,10.165442,7.1342144,0.9133655,0.5845518,22.95994,0.66477776,17.35904,0.6339654,15.546593,0.9311469,13.141876,1.0171336,0.029282138,1.5848484,1.2566407,0.8409039,0.67163295,7.4145827,5.7412925,2.6173425,27.99895,0.52353626,519.9046,0.41662225,1222.855,0.1979279,-74.27313,-1.135406,1572.1062,0.1710993,918.23224,0.42814645,-83.78758,-0.9251552,2627.0215,0.14699003,875.1322,0.47599906,-87.36019,-0.8570377,-19.567663,-0.3769149,29.777445,0.2658587,-0.047548655,-0.6126992,-0.0140548395,-0.8852449,1.0276824,0.5206986,29.690363,0.3728646,18.28264,0.5657174,15.7718525,1.0145129,13.075511,1.1479213,-16.0089,25.685064,-0.085783094,-0.0032603778,0.6857615,4.0623446,3.038353,0.2108743,0.20929563,0.106011905,0.11087392,-30.197886
SLK,24.891142,0.1548337,23.635204,24.616837,26.473946,2.8387413,162.99658,247.97139,163.92267,413.42715,0.8287491,0.53681487,0.39971003,0.7790296,1.1602075,0.76049745,12.172175,6.7566905,10.8431225,6.8325834,0.45272848,0.6291973,26.20951,0.6520443,5.6827683,2.253239,13.774051,0.89455706,2.8469305,4.3568945,0.025993526,2.1797774,1.2268063,0.8526357,3.829929,1.0066719,2.584018,2.454426,22.157825,0.38015294,455.14178,0.37123147,1259.5382,0.17084855,-62.281708,-1.3616921,1430.7444,0.14847395,952.6777,0.3441877,-70.85443,-1.1056323,2454.6548,0.0970397,837.43646,0.37225947,-75.05006,-1.0050383,-13.725937,-0.48341233,23.340351,0.33101726,0.010515585,2.6412413,-0.015941732,-0.7521048,0.49400705,0.5800483,33.134407,0.34816477,3.2988694,3.3848197,15.27378,0.8487044,4.8631544,2.6448362,-4.602357,12.116772,-0.023663737,-0.010493552,0.3517114,4.4599915,2.7139418,0.2530645,0.24544616,0.10191304,0.1125738,-27.931438
TMM,22.499876,0.23809506,20.20589,21.802221,23.662563,3.4566727,223.7191,334.25516,198.85196,346.6781,0.757856,0.63818413,0.32757926,0.66942716,1.1119653,0.78438604,13.43122,7.97989,11.19362,6.615315,0.52069145,0.7180267,24.619173,0.73499227,6.3148656,2.0190854,16.629913,0.9386087,6.767853,1.6932197,0.045010522,1.5302144,1.7140211,0.71576196,0.94961363,3.6569743,1.4717289,6.1258874,21.471542,0.5639683,480.58826,0.40594864,1182.6443,0.21795267,-59.882965,-1.4250333,1482.0839,0.15664914,885.04144,0.40376285,-69.03999,-1.1306583,2462.8215,0.115624,843.4566,0.35669872,-72.27873,-1.0518082,-14.28235,-0.62353987,23.92751,0.4195141,0.013542562,2.3714092,-0.01917846,-0.69394654,0.6424763,0.55826795,31.13392,0.46102723,5.7314315,2.1360734,16.83691,1.0217499,6.452994,1.9246831,-7.4074917,16.241901,-0.023409972,-0.0076017515,0.21720216,4.2913733,3.0403173,0.22565217,0.16819137,0.096982755,0.106974214,-27.721153
TJZ,21.629253,0.17845006,18.954372,21.304747,24.165848,5.2114754,129.97035,196.90425,77.58422,128.3474,0.874824,0.68504316,0.31780672,0.7782245,1.2724134,0.95460665,13.353137,8.969422,11.207735,8.700308,0.60546094,0.982653,25.337002,0.6227458,6.7548823,1.78128,11.88298,1.3765801,-1.5707065,-7.6694293,0.033632472,1.6018493,1.3872294,0.7633809,1.7215701,2.1318228,4.2054124,1.6034217,24.085608,0.39981276,436.29825,0.2685025,1174.0629,0.18138368,-68.643105,-1.3303801,1450.2274,0.14597033,866.5711,0.38666287,-79.10863,-1.0554796,2504.4272,0.091933094,806.6382,0.5130449,-82.30114,-0.9849661,-14.9847555,-0.51361173,24.437513,0.36232784,0.018728793,1.5347222,-0.021329215,-0.6247902,0.8017216,0.78874195,31.263342,0.40088254,8.403529,1.4127975,16.047916,1.0931466,-1.9803036,-6.960869,-6.455492,16.245941,-0.012894504,-0.01066538,0.22369076,3.40434,2.352472,0.27118644,0.24967156,0.14035714,0.15311602,-24.516506
THH,22.143787,0.19658883,17.999088,23.306372,25.10746,7.1083717,325.4819,494.66623,95.26249,142.82523,1.3800924,0.5552657,0.6519873,1.2586541,2.012407,1.3604198,20.47592,11.324595,18.453363,10.995768,1.2750621,1.4149123,26.670763,0.5805072,5.974896,1.985121,13.028452,1.0786177,4.8698583,2.4110067,0.048720792,2.0928802,1.4317739,0.76892745,0.9057432,6.253366,5.0436835,3.0345368,21.858862,0.5672732,470.15973,0.3946095,1199.0679,0.17486195,-43.950012,-1.6012781,1459.8586,0.15496524,872.70233,0.2822735,-52.029324,-1.2685709,2478.383,0.112387225,790.1879,0.39824778,-57.007145,-1.1122649,-13.75276,-0.52492815,24.22906,0.3266927,-0.015442293,-1.9521376,-0.012561647,-0.7932334,1.2908628,0.6690268,31.127949,0.36202878,4.908359,2.3257353,13.474656,1.0822791,5.483629,2.1967046,-5.486274,12.836757,-0.036745314,-0.00739756,1.206481,4.8919454,2.7930763,0.28176054,0.25354746,0.06537815,0.042600147,-25.671825
TJM,23.592236,0.11882418,21.799994,23.574598,25.40089,3.6008968,154.64497,311.03644,74.414215,103.35947,0.6232643,0.57786155,0.32881522,0.5595063,0.8585687,0.5297535,7.840621,5.430752,6.168203,4.6841655,0.35715935,0.73315054,23.23483,0.58713895,8.4472685,1.254674,9.195479,1.3017308,3.4706082,3.831861,0.038996868,1.5486004,1.431637,0.6258563,1.3873082,2.5640984,7.1820784,1.2721738,22.616482,0.43531904,484.7031,0.35675213,1235.9442,0.18869604,-67.64481,-1.2715454,1483.6313,0.15223058,972.59015,0.33199462,-75.92304,-1.0501345,2459.2559,0.12977132,881.39734,0.39519784,-78.35004,-0.99811476,-14.639269,-0.4367581,22.95464,0.32700753,-0.003607854,-7.9577475,-0.022038165,-0.5221056,0.42385682,0.6395453,28.359694,0.3458586,9.607164,1.0493478,10.655691,1.1542186,4.830563,2.9919512,-7.578172,16.380718,-0.018709686,-0.013858985,0.20934555,3.3781035,2.3018944,0.29044247,0.26326537,0.13485436,0.21778168,-31.109966
WGB,24.32345,0.2718117,16.050535,26.806067,30.387936,14.3374,248.10507,300.6761,126.27037,164.25859,0.9571163,0.57861406,0.43963453,0.82321,1.3789625,0.93932796,14.9488735,8.296706,11.8979845,7.0764585,0.838709,0.6889064,25.822308,0.49399424,13.17325,0.7675342,11.267666,1.2328488,6.3398523,1.5645077,0.08654479,1.7699773,1.5900047,0.68980384,0.94633836,6.574974,2.539326,6.047166,24.349642,0.5842364,535.6398,0.439283,1265.0507,0.19376862,-35.571926,-1.7058098,1562.4983,0.1827907,933.7835,0.29857185,-45.401733,-1.2212893,2644.1758,0.107880734,824.58795,0.43917733,-51.494003,-1.0249226,-15.806248,-0.3932226,27.146275,0.2785372,-0.007231112,-4.459563,-0.01231357,-0.764165,0.88631916,0.67247826,28.353426,0.37913555,12.355694,0.7935528,10.424184,1.3513678,6.3887134,1.5853696,-9.301439,16.219032,-0.031211589,-0.0070688967,0.53110135,4.509459,2.3568282,0.3617757,0.32351112,0.05487179,0.030998081,-30.320345
YFH,23.606394,0.2598854,19.662088,22.689182,27.608984,7.9468956,253.53761,583.5149,112.459564,90.701744,1.0105158,0.76896095,0.2613057,0.8482642,1.6281128,1.3668071,19.86948,11.052043,17.552965,11.643431,0.8663035,1.0337538,25.356514,0.60555863,3.273937,3.933163,10.986386,1.35781,-5.2238603,-2.6445642,0.064539246,1.4364804,1.6402271,0.6613082,-0.21307178,-18.451612,1.462197,8.667825,17.962915,0.7125886,506.762,0.43814012,1227.0576,0.2040064,-62.935905,-1.3623832,1507.1385,0.19169804,939.76776,0.32906643,-68.91971,-1.1547849,2531.253,0.10559677,800.8222,0.36218885,-71.97308,-1.0779814,-13.133083,-0.5404051,21.95465,0.39131021,0.031987946,0.9859699,-0.022953553,-0.6097333,1.0768434,0.8842799,30.205933,0.40542087,1.7386642,7.306474,13.185804,1.1851916,-5.2253966,-2.923596,-6.780337,14.912242,0.006630523,-0.012599074,0.3626217,3.8952465,3.1525574,0.21475524,0.19730645,0.09346774,0.11313739,-23.410204
ZTP,22.216019,0.19709003,19.608007,21.938463,24.333479,4.7254715,258.6859,597.12024,100.81906,214.26007,1.4602007,0.74076337,0.48774305,1.2032375,2.2580655,1.7703224,22.085993,12.572737,20.191286,13.269269,1.0152422,0.8985165,23.623066,0.5794623,0.35315004,35.01093,11.937517,1.2417076,-3.176969,-4.55948,0.03191474,1.7140418,1.5505496,0.68774265,0.7512545,4.994029,1.9737836,4.350882,15.800711,0.6864015,585.72095,0.47593337,1207.3004,0.19513795,-55.98447,-1.505829,1582.77,0.19054396,873.9424,0.30511597,-60.13643,-1.3256462,2590.8057,0.13303551,739.1524,0.3768227,-62.29078,-1.256971,-10.487965,-0.5931892,18.786556,0.42515853,0.024196459,1.3004626,-0.020831995,-0.63108224,1.224108,0.7783937,27.767757,0.37895113,-1.9143028,-6.1406083,12.819278,1.272521,-3.4928973,-4.5847445,-6.067453,13.033134,-0.009580066,-0.014762754,0.43222383,3.4871051,2.4727273,0.28911763,0.3021138,0.10731092,0.09617645,-20.847355
