file,begin,end,speaker,overall_log_likelihood,speech_log_likelihood,phone_duration_deviation,snr
MM,0.3979,1.3915,Meow,-39.416402797506315,,,18.893909750519164
MM,1.8352,5.2225,Meow,-43.900030535582594,,,11.105950811543075
MM,5.9833,6.9389,Meow,-42.95116170247396,,,17.995793055816414
MM,7.9915,10.2355,Meow,-43.014517647879465,,,17.174640786698653
MM,10.2913,12.5779,Meow,-42.16404970660481,,,15.427388339677734
MM,13.4215,14.4326,Meow,-41.65525893409654,,,14.526783404653608
MM,14.8588,18.3784,Meow,-41.29470547762784,,,11.632380783585758
MM,18.5319,19.3553,Meow,-40.28421839272104,,,15.1187246830948
MM,20.6209,24.2513,Meow,-42.98804450757576,,,12.621921783094631
MM,24.4138,25.6552,Meow,-37.902654832409276,,,12.68055930243108
MM,26.5287,27.7445,Meow,-45.41182521132172,,,10.221225944481597
MM,28.346,29.2377,Meow,-40.16532709357444,,,18.041115506552906
MM,30.2298,32.0515,Meow,-43.2277107657967,,,16.312408940713127
MM,32.359,33.481,Meow,-46.77101789202009,,,16.164698526520553
MM,33.5791,35.5671,Meow,-40.30687617776382,,,13.964259072152572
MM,36.6937,38.1826,Meow,-40.54548225146812,,,12.546054627413433
MM,38.9384,42.4138,Meow,-40.82721017420977,,,17.643369591032318
MM,43.6477,45.6679,Meow,-44.41454594678218,,,20.06181671268132
MM,46.172,49.0928,Meow,-44.40999237478596,,,13.919294486603121
MM,49.5864,50.7873,Meow,-44.588419596354164,,,11.395213161972062
MM,52.1086,54.4645,Meow,-41.939742783368644,,,15.11220279671474
MM,55.5632,57.68,Meow,-42.30599111880896,,,13.348314340392365
MM,58.8071,61.0002,Meow,-44.36310734160959,,,14.977641057078719
MM,61.0308,63.4733,Meow,-46.46251440829918,,,3.423185643111701
MM,65.2231,67.6656,Meow,-45.37570840804303,,,12.06849912917175
LA,0.0623,0.7372,LA,-47.112680008162314,,,14.304938210881812
LA,0.7372,3.223,LA,-49.15345365838353,,,17.99327180573709
LA,3.4874,4.2147,LA,-50.342576118364725,,,21.09764983813283
LA,4.6113,5.9468,LA,-50.12971154967351,,,18.561090077787156
LA,6.1584,7.9169,LA,-48.98681640625,,,17.465635022292467
LA,8.4339,9.8619,LA,-49.1470546055507,,,16.265322405946744
LA,9.9016,11.9246,LA,-49.957476021039604,,,14.405964241453987
LA,12.5196,13.8551,LA,-46.09296291977612,,,22.298528634765653
LA,14.1714,16.3795,LA,-45.806706907522624,,,11.181467170557355
LA,16.4589,17.2919,LA,-50.34985645707831,,,17.328870811450898
LA,17.6489,18.5083,LA,-47.69878724563954,,,13.67385121825119
LA,18.6273,19.4736,LA,-48.21885340073529,,,13.595547849145312
LA,19.7116,21.4173,LA,-47.96145148026316,,,16.300012892190217
LA,21.9194,23.2152,LA,-48.28525015024039,,,10.411187731456707
LA,23.2152,24.987,LA,-46.84106307379943,,,17.821928930241974
LA,25.6481,27.1819,LA,-47.32730800653595,,,19.761365095922503
LA,27.4258,28.986,LA,-51.10572541065705,,,17.002069171168927
LA,29.5678,32.1859,LA,-51.94440675691794,,,12.905495881071303
LA,32.5721,35.3885,LA,-43.24320215536348,,,19.582236649281917
LA,35.6529,37.1206,LA,-49.70365314094388,,,12.465197180433687
LA,37.5569,38.8131,LA,-45.99511331225198,,,21.77557984829825
LA,38.9884,40.6677,LA,-45.87794712611607,,,11.212836234446938
LA,40.747,42.2808,LA,-46.3300270629085,,,17.83109366418234
LA,42.7436,43.299,LA,-48.017408098493306,,,18.619392908864114
LA,43.5502,44.8592,LA,-49.61355707299618,,,13.912144918019576
WT,0.0,1.3083,WT,-54.24806551168893,,,19.65666412735199
WT,1.3083,3.1149,WT,-56.141488259668506,,,8.899744475877878
WT,3.425,4.3148,WT,-48.711305082514045,,,16.293596621795224
WT,4.7327,7.1865,WT,-54.26216119260204,,,25.422746412256416
WT,7.1865,8.656,WT,-52.557544111394556,,,16.342919697711608
WT,9.1554,10.6115,WT,-48.76232408497432,,,67.0753617192941
WT,10.6789,12.863,WT,-49.87173881880734,,,24.401957845781276
WT,13.3566,15.689,WT,-53.18594923551502,,,45.62233869190477
WT,15.689,17.0777,WT,-57.051743761241006,,,23.95624313709223
WT,17.6305,19.464,WT,-53.02275443989071,,,10.052270954822287
WT,19.5584,21.4324,WT,-59.24955610795455,,,13.94228621277764
WT,22.0356,24.9477,WT,-51.949037532216494,,,13.49283119271954
WT,25.2612,26.9464,WT,-54.586729151257394,,,11.22741405116021
WT,26.9599,28.753,WT,-54.421738608589386,,,11.715831749600362
WT,29.4657,29.8028,WT,-54.95129035500919,,,14.324159415957112
WT,30.2072,32.8632,WT,-58.81027519971804,,,4.189582204291256
WT,33.2812,35.8967,WT,-54.7779960341126,,,12.747651815020879
WT,36.3801,38.5777,WT,-61.99326171875,,,16.23249476873405
WT,38.9147,40.4786,WT,-52.02103052383814,,,31.145403977081383
WT,40.4786,42.7167,WT,-55.525521414620535,,,11.357418566946121
WT,43.1885,43.7952,WT,-48.75193711577869,,,17.051758546747692
WT,44.0514,45.5209,WT,-55.01123711203231,,,14.773528742284023
LQ,0.4156,2.1392,LQ,-44.20904682957849,,,12.690928393359009
LQ,2.1895,4.4037,LQ,-44.45094651442308,,,18.44542707801113
LQ,4.5043,5.5736,LQ,-48.193756388726634,,,10.492051115689438
LQ,6.3311,8.1553,LQ,-47.212193080357146,,,20.74866262734564
LQ,8.1553,10.9733,LQ,-47.4938670489805,,,14.375280004762601
LQ,11.6411,14.1824,LQ,-47.09536863312008,,,21.833263806571196
LQ,14.1824,15.8179,LQ,-47.05225502572409,,,17.383846601368756
LQ,16.6884,19.3177,LQ,-45.82904215185361,,,22.0839588429208
LQ,19.3177,20.1858,LQ,-47.410246048850574,,,14.826190617922773
LQ,20.6324,22.9095,LQ,-46.32807788514254,,,15.526654434931293
LQ,22.9835,24.7069,LQ,-48.25596725109012,,,15.491483722101743
LQ,25.5052,26.8737,LQ,-48.9346629790146,,,8.4438640225032
LQ,26.8737,28.8186,LQ,-42.581089924291234,,,17.276579712437226
LQ,29.0594,31.3909,LQ,-47.71833506571888,,,13.167037056557461
LQ,31.4919,33.7981,LQ,-52.143005106872295,,,21.08943358686638
LQ,34.5838,36.8266,LQ,-46.9114990234375,,,17.20406644849927
LQ,36.8266,37.9354,LQ,-47.85210356841216,,,16.60435891362707
LQ,38.4423,41.0399,LQ,-44.63683894230769,,,19.574979786491443
LQ,41.5091,43.7393,LQ,-46.28614595011211,,,17.4522363558683
LQ,44.5123,46.6791,LQ,-43.922811059907836,,,12.326070394468243
LQ,46.6791,49.0435,LQ,-45.906907938294495,,,16.911805069456204
LQ,49.6644,50.6275,LQ,-51.03044128417969,,,16.556093724409013
LQ,50.9442,51.7045,LQ,-45.259004291735195,,,18.224521443023832
LQ,51.8566,52.5789,LQ,-46.86017862955729,,,11.787038780813694
JC,0.0733,0.7895,JC,-47.0804443359375,,,14.830746859779318
JC,1.0929,3.9455,JC,-47.09565515350877,,,28.608087484208486
JC,4.4431,5.2564,JC,-48.74514130015432,,,28.134074913879502
JC,6.2226,7.8492,JC,-51.40480612538344,,,18.739474771282964
JC,7.8987,10.1201,JC,-49.261956292229726,,,14.34308412099743
JC,10.9212,11.686,JC,-50.10225958573191,,,29.96822861941881
JC,11.8883,13.6605,JC,-47.023266463629945,,,21.633266807299893
JC,13.6605,15.1292,JC,-48.06788770195578,,,15.234559594303267
JC,15.8992,17.7807,JC,-45.381259350066486,,,16.04330123968335
JC,17.7807,19.298,JC,-49.32552297491776,,,14.316484938268559
JC,19.6318,20.6757,JC,-46.75886418269231,,,27.68203402748073
JC,21.1491,22.8121,JC,-50.38686582266566,,,15.334501442524992
JC,22.9699,24.0745,JC,-47.83423739346591,,,20.4499837571396
JC,24.1959,24.8392,JC,-49.43643569946289,,,17.556318551202132
JC,25.6594,28.0021,JC,-48.97040264423077,,,12.24039037765852
JC,28.0385,29.3131,JC,-45.78915092888779,,,13.174132907072451
JC,29.7015,31.2067,JC,-53.86174526593543,,,10.831383480705657
JC,31.6219,33.1392,JC,-52.71555368523849,,,22.037725794995282
JC,34.0904,36.3967,JC,-49.54565323998918,,,18.3888793564664
JC,36.858,38.3268,JC,-51.37357501594388,,,23.858349930158788
JC,38.8841,40.5228,JC,-48.749038324123475,,,20.74950853973716
JC,40.6321,42.8291,JC,-43.907776988636364,,,16.42885166677246
JC,42.8291,43.9702,JC,-52.13255550986842,,,16.42724002608879
JC,44.5889,45.7542,JC,-45.08725210336539,,,15.3350810664383
JC,45.8513,48.0484,JC,-46.35885564630682,,,16.90919020122432
JC,48.049,49.2993,JC,-50.17825390625,,,18.6486288082083
JC,50.064,50.586,JC,-48.03018423227164,,,21.329282339393426
JC,51.0473,51.7027,JC,-52.51305412523674,,,14.462593054760244
JC,51.8727,52.601,JC,-56.12671901755137,,,10.54894158814952
HY,0.0307,1.502,Meow,-52.98170107886905,,,13.948045747239401
HY,1.525,4.4491,Meow,-63.53589201626713,,,7.663337661758912
HY,5.0706,5.9422,Meow,-56.706862877155174,,,25.893750699756538
HY,6.5852,8.21,Meow,-60.23128858024691,,,25.6532871355259
HY,8.6141,10.8646,Meow,-57.26977430555556,,,23.22137932722164
HY,11.5512,12.3968,Meow,-61.423506433823526,,,8.788437137239152
HY,12.7283,13.2423,Meow,-64.29894301470588,,,19.646193646459622
HY,13.5904,14.3199,Meow,-65.5940509952911,,,18.63920450840911
HY,14.8218,16.5128,Meow,-57.966253698224854,,,12.226395350950119
HY,16.7532,18.3531,Meow,-57.4331787109375,,,21.081786259450702
HY,19.2184,19.5857,Meow,-56.11295792863176,,,21.33009763162177
HY,20.7133,23.6571,Meow,-58.225213913690474,,,25.475784041766666
HY,23.7927,24.6911,Meow,-66.23542209201389,,,13.470005366899592
HY,25.3739,27.7471,Meow,-57.3756634032173,,,25.634585061247485
HY,28.2481,31.0846,Meow,-57.44225558428697,,,13.889813347999581
HY,31.9619,33.7418,Meow,-57.91811139396067,,,23.14096705686804
HY,33.8491,34.7983,Meow,-58.47586862664474,,,16.935728986023186
HY,34.9831,36.2149,Meow,-62.33725149263211,,,11.56822775138053
HY,36.4642,38.3401,Meow,-57.94217503324468,,,12.164919679092304
HY,39.0076,41.6181,Meow,-58.407409901819925,,,24.484146171693965
HY,42.6955,45.4246,Meow,-62.168848729395606,,,12.03261026983617
HY,45.515,46.9558,Meow,-57.874308268229164,,,16.272403974692025
HY,47.4457,47.8387,Meow,-60.452217297676285,,,23.93916208934359
HY,48.6684,51.0508,Meow,-55.31435054490546,,,21.02005276044453
HY,51.424,52.6127,Meow,-52.59054539784664,,,19.941991571456448
HY,53.1998,53.3648,Meow,-61.9195987477022,,,16.03955185894149
HY,53.9107,56.4046,Meow,-56.61302632404618,,,14.73048931158235
HY,57.0447,59.6502,Meow,-55.58046351173372,,,22.40878755546345
HY,60.2894,62.8853,Meow,-57.23737980769231,,,12.59060830233359
HY,63.5887,65.2724,Meow,-56.533086867559526,,,25.411403267946127
HY,66.1167,66.69725623582767,Meow,-61.67992322198276,,,16.19767682799476
PL,0.1493,2.1422,Meow,-42.385099324748744,,,17.749117485155594
PL,2.1422,4.7111,Meow,-45.34872780885214,,,16.653651536895133
PL,5.1248,6.3361,Meow,-44.969363378099175,,,21.652155254260563
PL,6.9573,9.1788,Meow,-45.85156689893018,,,20.58558914147705
PL,9.3373,11.3485,Meow,-44.254154034514926,,,22.229234342899673
PL,11.6734,12.4231,Meow,-43.41511393229167,,,17.18364699609567
PL,13.2024,14.4869,Meow,-47.98015594482422,,,22.03423000523747
PL,14.8365,16.0295,Meow,-45.275247012867645,,,19.42926133863046
PL,16.185,19.6635,Meow,-43.82624203035201,,,18.732866150258825
PL,20.247,22.1165,Meow,-44.22409237132353,,,16.18121541619155
PL,22.1531,23.9541,Meow,-47.55934787326389,,,21.845508573228145
PL,24.1918,25.3436,Meow,-50.55947265625,,,22.803867523878857
PL,25.4168,26.9481,Meow,-47.64003459456699,,,22.15639048961339
PL,27.7098,28.9669,Meow,-46.63407970610119,,,15.844903303609676
PL,29.328,30.6307,Meow,-48.051817908653845,,,16.420604590886363
PL,30.9548,33.958,Meow,-45.41083984375,,,20.36532743080139
PL,34.7129,36.2625,Meow,-46.266122731854836,,,20.626975335686193
PL,36.4682,37.7481,Meow,-45.62833023071289,,,21.929381549485107
PL,38.1198,39.4728,Meow,-45.00525896990741,,,20.71920160894424
PL,39.9253,42.6588,Meow,-45.88153545673077,,,21.754748246843988
PL,42.9178,45.5004,Meow,-44.56877195373062,,,21.831010508845317
PL,46.418,49.5537,Meow,-47.09232558718153,,,22.084596513761916
PL,49.8888,51.4338,Meow,-48.30025516633064,,,7.598350555024389
PL,51.7127,53.989,Meow,-44.72457510964912,,,19.846902220588415
PL,54.2812,55.0902,Meow,-47.067006052276234,,,21.52909259747683
PL,55.5149,58.3124,Meow,-44.92563825334821,,,22.64705541229072
PL,58.8174,61.5829,Meow,-42.88022831114621,,,19.90713321976467
PL,61.9089,64.9806,Meow,-41.66119643220684,,,21.852272642261724
PL,65.481,68.8132,Meow,-42.857677012950454,,,20.5071635724032
PR,0.016,1.3375,Meow,-48.61857836174242,,,20.109709695528505
PR,1.3506,3.4378,Meow,-52.094025680322964,,,18.87831403868904
PR,3.7091,4.4661,Meow,-50.05210796155428,,,19.129004369268298
PR,4.9568,8.0198,Meow,-52.463544858047385,,,19.805864894015443
PR,8.3436,8.9737,Meow,-49.14010571676587,,,20.013089229165697
PR,9.3806,12.6142,Meow,-51.66007764125387,,,18.46472530368099
PR,13.2771,16.0251,Meow,-50.41045454545455,,,20.514568702135044
PR,16.0251,16.7733,Meow,-46.653955078125,,,13.827276926725393
PR,16.938,17.8351,Meow,-50.334988064236114,,,17.562956840711813
PR,17.9357,18.8415,Meow,-45.30286851820055,,,16.62247829727061
PR,19.0996,21.1562,Meow,-47.13358521692961,,,19.816017141809994
PR,21.7039,23.3229,Meow,-48.7509464216821,,,14.7949576914583
PR,23.3229,25.4451,Meow,-47.298086490271224,,,17.20876932117993
PR,25.5471,27.1793,Meow,-50.019243673312886,,,14.941970583905093
PR,27.8301,30.0092,Meow,-49.398128404529814,,,24.570061994024346
PR,30.5562,31.02,Meow,-42.06931470788044,,,9.38131060492194
PR,31.0546,33.7544,Meow,-52.72156394675926,,,21.098037285065388
PR,34.2477,35.381,Meow,-48.507125449391594,,,21.381873090369716
PR,35.4732,38.2387,Meow,-50.334051359431406,,,11.494292547710819
PR,38.7914,40.5986,Meow,-52.590841893991715,,,23.599730422771025
PR,40.7083,42.5111,Meow,-49.951611328125,,,13.1847271129403
PR,42.9543,44.8314,Meow,-50.21588784075798,,,18.308097290957942
PR,45.1421,47.2993,Meow,-49.2552806712963,,,16.35988422462568
BO,0.069,2.928,BO,-47.02931394777098,,,13.192707704189695
BO,3.2512,3.9473,BO,-49.14080287388393,,,27.269465664525814
BO,4.5688,6.1102,BO,-51.373351258116884,,,20.577617371429163
BO,6.5701,8.82,BO,-48.55578559027778,,,15.562426761462005
BO,9.6051,11.3329,BO,-46.865448880057805,,,13.42967290767079
BO,11.3329,13.7692,BO,-47.82892546106557,,,15.827480629308909
BO,14.5054,17.3644,BO,-47.53034514313811,,,24.19516889900699
BO,17.7095,18.5921,BO,-44.80792513760653,,,26.199845597839275
BO,19.226,21.1776,BO,-46.16287560096154,,,16.88312784659874
BO,21.3753,23.2399,BO,-47.853736139112904,,,20.187418591911612
BO,24.1248,26.2753,BO,-45.8962527252907,,,18.895320896392704
BO,26.5356,27.5798,BO,-45.35645000751202,,,13.57109126984205
BO,28.1445,29.7356,BO,-45.568770882468556,,,15.542980311489975
BO,29.8724,31.5256,BO,-46.24714725378788,,,18.125243517412695
BO,32.6103,34.8602,BO,-46.50568576388889,,,26.16272030012025
BO,35.1931,36.1751,BO,-49.29625219228316,,,22.25305218394417
BO,36.7966,39.4692,BO,-44.41093530547753,,,15.834947521263881
BO,39.7459,41.6353,BO,-45.20005580357143,,,27.593309329867612
BO,42.6438,43.6755,BO,-45.583178473907765,,,25.266513207173038
BO,43.8855,46.8813,BO,-46.85458984375,,,25.214914975948812
BO,47.5152,49.4419,BO,-47.921581525259064,,,20.476269095411894
JF,0.0346,2.882,Meow,-47.641971628289475,,,20.062486276316328
JF,3.2074,4.0796,Meow,-44.85308066181753,,,13.869971245423233
JF,4.6694,6.0931,Meow,-50.78283175616197,,,19.282555277158785
JF,6.4396,8.5548,Meow,-49.7505573776533,,,14.31118854777577
JF,9.3426,12.1855,Meow,-46.77088949713909,,,14.906040098387173
JF,12.1855,13.6317,Meow,-48.55782933728448,,,17.459507506177523
JF,14.5251,17.169,Meow,-49.40452252012311,,,18.163667240050593
JF,17.499,18.3758,Meow,-48.24065607244318,,,18.584893789381645
JF,18.7731,20.8882,Meow,-46.09136387087264,,,20.154241242318935
JF,20.9835,23.3879,Meow,-44.16639811197917,,,16.3809617886076
JF,23.9246,27.2239,Meow,-46.712473366477276,,,17.855477182065325
JF,27.445,28.8912,Meow,-50.03736193426724,,,12.752186815236033
JF,29.246,30.742,Meow,-51.808268229166664,,,11.14735014627615
JF,31.1917,33.23,Meow,-51.59717275582108,,,16.683018760005115
JF,33.4718,34.5294,Meow,-48.63292305424528,,,15.090910036056968
JF,35.0084,38.1179,Meow,-46.677502009646304,,,13.256751436024855
JF,38.3604,41.2078,Meow,-46.71981565241228,,,16.149187846736066
JF,43.0679,45.1017,Meow,-48.8627665101601,,,10.702232542196871
JF,45.1017,47.2711,Meow,-49.37281736031106,,,15.981760365280042
JF,47.919,50.5223,Meow,-44.39916616586538,,,16.963361295099332
AB,0.0,1.8432,AB,-53.38204292629076,,,10.15872379299069
AB,1.9298,4.8856,AB,-55.29453916807432,,,13.256677403925101
AB,5.3061,6.0976,AB,-53.76369041732595,,,19.065187454540528
AB,6.2955,6.6418,AB,-48.93688616071429,,,21.60550974783888
AB,7.2756,9.3533,AB,-52.49006535456731,,,16.403480245010236
AB,9.4788,10.6166,AB,-49.75002998218202,,,21.559399554683445
AB,10.6166,12.8303,AB,-53.77270397341629,,,10.633925084657236
AB,13.3625,15.836,AB,-51.23429592611336,,,10.940348598560192
AB,15.8978,17.0727,AB,-47.21372946714744,,,31.491327544628593
AB,17.0727,19.1381,AB,-52.59185348731884,,,20.740170758709464
AB,19.826,22.4479,AB,-51.294437321087784,,,31.43953779352553
AB,22.4479,25.1935,AB,-52.17312144886364,,,17.40721310004369
AB,25.6566,26.782,AB,-51.65660000691372,,,14.273183377836974
AB,26.8191,28.2661,AB,-51.94488146551724,,,14.203040795889484
AB,28.2661,29.8919,AB,-52.53459307898773,,,16.782046098187603
AB,30.0371,30.4576,AB,-51.967616489955354,,,30.199250462127324
AB,30.6184,31.0512,AB,-52.25613190406977,,,17.188510233974597
AB,31.643,33.5476,AB,-50.67636204769737,,,24.638375981715317
AB,33.5476,35.7613,AB,-57.02963270644796,,,22.082151352376382
AB,35.7613,37.1291,AB,-50.19611798585766,,,23.346458863510467
AB,37.1291,38.774,AB,-51.97423423208841,,,12.162262475008347
AB,39.0064,41.3191,AB,-55.83051778950217,,,31.191614118168623
AB,41.9617,44.1508,AB,-51.387329658961185,,,25.134632129272603
AB,44.1508,46.179,AB,-53.79756292333744,,,8.938377782919245
AB,46.6232,49.1215,AB,-52.3251171875,,,33.5634485959988
AB,49.1215,51.1621,AB,-52.72055472579657,,,17.547589332815384
AB,51.2487,52.2999,AB,-55.34389880952381,,,28.779384357254372
AB,52.8082,54.181,AB,-53.8032689895073,,,11.601687984293326
AB,54.2057,55.8258,AB,-52.183690200617285,,,19.856337411698544
AB,55.8258,58.4725,AB,-51.94911556603773,,,20.874741968846262
AB,59.0039,59.7336,AB,-53.35369956656678,,,16.336653103620307
AB,59.882,60.5993,AB,-52.09344482421875,,,29.328115808793605
AB,60.6488,61.3913,AB,-58.648199957770274,,,10.693152090735614
GE,0.1177,1.5434,Meow,-46.48402671547203,,,17.542472082492818
GE,1.5434,3.4373,Meow,-48.22180886243386,,,19.45097750354701
GE,3.9594,4.8181,Meow,-51.51191179142442,,,16.76847364783162
GE,5.2844,7.1044,Meow,-47.834746308379124,,,15.467193818372158
GE,7.4947,9.7009,Meow,-49.411252121040725,,,12.486763139438178
GE,10.2623,11.2031,Meow,-52.324930393949465,,,16.487222603151388
GE,11.3305,14.913,Meow,-50.840618453212294,,,17.91142055505444
GE,15.4676,18.6886,Meow,-50.170962126358695,,,17.788933709504438
GE,18.7379,19.5391,Meow,-51.43133544921875,,,16.880001259925148
GE,20.0717,21.0084,Meow,-48.47196538397606,,,17.154949237702574
GE,21.1563,22.1711,Meow,-48.53678546565594,,,14.000015842538739
GE,22.3231,24.4554,Meow,-49.09392422241784,,,15.735346023369315
GE,25.0452,27.2802,Meow,-49.344329833984375,,,13.667270342123478
GE,27.6972,28.8393,Meow,-50.04359409265351,,,14.043931437654454
GE,29.0451,30.824,Meow,-47.44784717345506,,,11.020459470993364
GE,31.315,32.227,Meow,-51.78406164148352,,,14.15552412083931
GE,32.4489,34.2977,Meow,-50.243211570945945,,,16.966598827719125
GE,34.9416,37.0492,Meow,-52.446400140699055,,,16.3408911533002
GE,37.1177,38.1201,Meow,-48.21041015625,,,13.62475396309437
GE,38.5405,41.1946,Meow,-45.06770710495283,,,14.794745410450725
GE,41.6478,43.7185,Meow,-48.01282740791063,,,16.348540828007327
GE,44.1594,45.2481,Meow,-51.21134066800459,,,16.91012212051845
GE,45.4043,46.3204,Meow,-52.72597337805706,,,15.5988690456631
GE,46.3204,48.8183,Meow,-49.62068359375,,,15.487489955499576
GE,49.3363,52.0273,Meow,-46.80661521259294,,,16.516589233512903
VI,0.0024,0.7601,VI,-43.15864643297697,,,13.852276406983885
VI,0.8967,3.1808,VI,-46.002013089364034,,,11.552977611183195
VI,3.5904,4.3973,VI,-43.306740089699076,,,12.441925491986396
VI,4.9559,6.4952,VI,-47.166396103896105,,,12.051678639560574
VI,6.6881,8.9474,VI,-44.03829334900443,,,10.53851269428672
VI,9.5969,10.4906,VI,-48.353351035814605,,,13.483063645904629
VI,10.8002,13.7916,VI,-43.95015285326087,,,12.904806731109959
VI,14.3873,17.0219,VI,-45.12281665874525,,,12.543312270946556
VI,17.4207,18.2185,VI,-45.135842895507814,,,11.402179466992388
VI,18.7118,19.562,VI,-45.56164407169118,,,12.791454004356186
VI,19.7178,20.8724,VI,-42.90534137228261,,,9.134890398130183
VI,21.0299,22.4993,VI,-44.904027822066325,,,11.534777064233246
VI,22.7827,23.0346,VI,-48.31947265625,,,5.9809670082074575
VI,23.9,26.0517,VI,-44.14596202761628,,,11.014471266755185
VI,26.0937,27.2903,VI,-45.17532552083333,,,10.751133097526303
VI,27.466,29.1769,VI,-44.10417523300438,,,14.455769457738862
VI,29.4917,31.0977,VI,-47.33075444002329,,,11.195561178834227
VI,31.8969,34.0591,VI,-45.675161856192126,,,11.428621815255
VI,34.2983,35.222,VI,-44.76464313009511,,,9.254176670511377
VI,35.7573,38.035,VI,-43.07667300575658,,,10.974796013471687
VI,38.2029,39.8823,VI,-45.56541515531994,,,14.647582119440926
VI,40.4038,41.3485,VI,-48.683230136303195,,,13.014113163493974
VI,41.6738,42.524,VI,-45.53302791819853,,,10.61021984042384
VI,42.558,44.9301,VI,-46.07200603243671,,,11.752068502946674
VI,45.4234,46.2106,VI,-47.045957154865505,,,13.66732398237595
VI,46.3051,46.9979,VI,-45.89834904325181,,,12.938561052465763
VI,47.2918,48.037,VI,-45.62552408854167,,,10.138268435561532
PS,0.2937,2.3679,Meow,-53.64603619414251,,,13.94659341308774
PS,2.4461,4.5247,Meow,-54.09820556640625,,,23.78222882394102
PS,4.8769,5.9118,Meow,-58.66471196146845,,,24.3220022314421
PS,6.6147,8.3845,Meow,-56.454879502118644,,,20.401433542007364
PS,8.4628,10.8718,Meow,-58.310664386670126,,,28.480347990493243
PS,11.8479,12.7872,Meow,-55.112881274933514,,,18.080576102352488
PS,13.2825,16.4438,Meow,-56.24577234968354,,,13.38911563141337
PS,17.3272,20.2188,Meow,-56.503639300389274,,,26.500591827288872
PS,20.6015,21.4625,Meow,-62.53860260719477,,,26.04628207107625
PS,22.5828,24.8353,Meow,-55.2420703125,,,27.029040721809665
PS,25.1049,27.1747,Meow,-53.11305951841788,,,25.663054844225798
PS,28.1733,29.4604,Meow,-52.785220597141475,,,19.78732133402734
PS,29.63,31.652,Meow,-55.09378867574257,,,23.454124888399335
PS,32.222,33.97,Meow,-54.651791294642855,,,22.0852210169613
PS,34.4008,36.1315,Meow,-61.487152276011564,,,18.255318395066606
PS,37.5421,40.0555,Meow,-54.608293388944226,,,16.823592593484577
PS,40.4642,41.7731,Meow,-60.29066525524809,,,18.99319217743048
PS,43.7283,45.4894,Meow,-50.44123979048295,,,20.51548988662202
PS,45.7721,46.6287,Meow,-49.221441224563954,,,12.657428445043132
PS,46.9109,48.8807,Meow,-56.550974579631976,,,14.552698644740158
PS,49.5243,50.5679,Meow,-56.62401404747596,,,17.91654002526946
PS,50.8766,51.7767,Meow,-50.422998046875,,,18.684921890532422
PS,51.7984,54.751,Meow,-59.09206832627119,,,21.900434148848777
PS,55.5526,57.6877,Meow,-58.025121385806074,,,24.49602308093172
DH,0.0756,3.5862,Meow,-50.21211716524216,,,12.994012992915408
DH,3.8817,4.8028,Meow,-45.59798000169837,,,15.212249356509524
DH,5.4184,7.4517,Meow,-51.1514201046798,,,18.235307301224353
DH,7.892,9.9254,Meow,-49.470265355603445,,,19.04674579903341
DH,11.0474,11.8642,Meow,-50.535995855564025,,,18.735697189748286
DH,12.0438,15.4444,Meow,-49.68363396139706,,,16.837130033072057
DH,16.2825,17.1109,Meow,-51.47666250941265,,,17.38482375087362
DH,17.7945,20.8127,Meow,-50.35401684085265,,,19.135469945222113
DH,20.9873,21.7462,Meow,-47.31089381167763,,,14.86636648214165
DH,22.4983,24.3579,Meow,-47.81895791330645,,,17.535015255295978
DH,24.4506,26.5245,Meow,-44.53830766908212,,,15.309514721997472
DH,27.8725,29.147,Meow,-47.826752429872045,,,18.08564785122523
DH,29.2396,31.4932,Meow,-47.31666232638889,,,11.024823599536115
DH,31.9837,33.8201,Meow,-49.580810546875,,,15.079521277527068
DH,34.272,36.2185,Meow,-49.993584735576924,,,16.89171851227392
DH,37.1445,39.6007,Meow,-50.76903899898374,,,15.335602943814685
DH,39.7166,40.9216,Meow,-50.98535559788223,,,15.837832123483091
DH,42.1594,43.04,Meow,-52.70682040127841,,,19.049101155053638
DH,43.5117,46.0085,Meow,-44.2174296875,,,16.561570356400665
DH,46.1036,48.4498,Meow,-45.284757313829786,,,13.619825523744694
DH,49.4337,50.5981,Meow,-47.99438055630388,,,14.676685918299196
DH,51.0524,51.9214,Meow,-50.44870240660919,,,15.923662843762742
DH,52.5171,55.0835,Meow,-50.73299565296693,,,14.123428053448679
DH,55.8404,58.0765,Meow,-47.237156459263396,,,15.524307265441449
SI,0.1953,3.7027,Meow,-50.34336048789174,,,13.348672399761467
SI,4.0487,5.1445,Meow,-47.704150390625,,,18.92603239792828
SI,5.6368,7.3092,Meow,-51.55346533495509,,,18.222774991468707
SI,7.4088,9.422,Meow,-51.58743878264925,,,16.06557059927039
SI,10.2949,11.2281,Meow,-51.951539398521504,,,8.857032564314906
SI,11.5999,14.7927,Meow,-53.2463141653605,,,10.196479910123019
SI,15.6289,18.9475,Meow,-50.16467432228916,,,15.76585670885027
SI,19.0772,20.0314,Meow,-49.617310855263156,,,15.806433797224718
SI,20.7024,22.7995,Meow,-48.73592819940476,,,17.08919783672123
SI,23.2228,25.6712,Meow,-48.18563855229592,,,14.805581452949475
SI,26.4152,28.4651,Meow,-50.1621474847561,,,7.561814535885354
SI,28.8818,31.8597,Meow,-46.70210255872483,,,19.045551016835685
SI,32.3866,34.038,Meow,-51.953882575757575,,,10.759905733853218
SI,34.8847,37.6109,Meow,-49.85542224702381,,,12.170920075047071
SI,37.9534,38.9652,Meow,-49.96329188582921,,,17.69432316026635
SI,39.5004,42.2423,Meow,-45.86399050524635,,,16.215028927130135
SI,42.646,44.7064,Meow,-49.21568283525485,,,9.18832327527051
SI,45.3154,47.3443,Meow,-45.968422875615765,,,20.599123850814856
SI,47.7169,50.3645,Meow,-48.89579893867924,,,16.415517500820094
SI,50.9976,53.3987,Meow,-46.52979329427083,,,18.203922509056106
WH,0.0787,1.7357,Meow,-44.80538168298193,,,17.2984748698841
WH,1.7357,3.8728,Meow,-47.17268271758178,,,20.12108327024021
WH,4.0151,4.9195,Meow,-50.85185546875,,,25.174990691473127
WH,5.6243,7.3007,Meow,-47.47561500186012,,,21.191682647679457
WH,7.3963,9.5508,Meow,-48.77946493459302,,,16.952472886810362
WH,10.1525,11.2481,Meow,-48.28363813920455,,,21.680743490192057
WH,11.3217,14.432,Meow,-48.74060804360933,,,16.587906575051086
WH,15.0547,18.3782,Meow,-47.826827819088855,,,21.58277032831707
WH,18.7312,19.7312,Meow,-49.031201171875,,,20.115867891003568
WH,20.0336,20.9233,Meow,-52.85557298981742,,,19.936575422693892
WH,21.3382,22.4558,Meow,-50.164415631975444,,,15.525576270232335
WH,22.5882,24.7279,Meow,-48.73181038259346,,,14.105121998275752
WH,25.3643,27.6143,Meow,-45.88660590277778,,,7.864033452263337
WH,27.8653,29.0786,Meow,-48.79187112603306,,,17.698703804497132
WH,29.4629,31.1394,Meow,-46.55225771949405,,,17.50746658092829
WH,31.5733,33.3306,Meow,-47.92973188920455,,,16.605005630110703
WH,33.9618,36.3736,Meow,-47.9344041753112,,,20.941348026874238
WH,36.5647,37.5647,Meow,-47.21583984375,,,16.15768285772696
WH,38.1906,40.8451,Meow,-47.48356426886792,,,17.75278914093248
WH,41.1686,43.1098,Meow,-47.75330722454897,,,18.041752013742304
WH,43.7799,44.927,Meow,-43.45981233016305,,,18.95175862345662
WH,45.0908,46.0172,Meow,-45.776451192876344,,,11.992766141677963
WH,46.0172,48.6643,Meow,-48.43810804834906,,,6.807823046602509
WH,49.1069,51.7172,Meow,-44.70245150862069,,,18.30282858040665
RU,0.0005,2.0474,RU,-46.75524961890244,,,12.748659081549466
RU,2.0474,3.3221,RU,-48.45274437130905,,,17.02081739430323
RU,3.3711,4.3026,RU,-48.375561785954304,,,19.673088239486894
RU,4.8419,7.1585,RU,-46.67101208917026,,,22.87720558963156
RU,7.1585,8.2248,RU,-45.501327942464954,,,15.207276104661304
RU,8.4783,10.035,RU,-44.53744741586539,,,18.29473911987393
RU,10.035,12.2534,RU,-46.94527730855856,,,19.018209913586354
RU,12.868,15.062,RU,-47.334613120719176,,,19.768478322119897
RU,15.104,16.8935,RU,-49.2818937674581,,,11.50703357285343
RU,17.0651,17.9722,RU,-44.91649049192994,,,19.700574090634603
RU,18.0978,20.9383,RU,-45.67810230523768,,,14.657083574211757
RU,21.9078,23.918,RU,-47.251486707089555,,,21.100327422311832
RU,23.918,25.0578,RU,-47.023591694078945,,,14.003651100822008
RU,25.1804,26.7983,RU,-45.273202401620374,,,16.620247105378663
RU,26.8239,28.1108,RU,-46.90392214752907,,,8.936689781659359
RU,29.3369,32.2172,RU,-49.00495062934028,,,13.63451269062818
RU,32.5237,33.6758,RU,-48.63169157608696,,,20.813892122041256
RU,34.2451,35.1766,RU,-48.10467069892473,,,17.223476254730784
RU,35.3727,36.4636,RU,-48.116022792431195,,,14.66031365748665
RU,36.5249,39.0743,RU,-45.448177083333334,,,16.188673199126214
RU,39.4538,41.7826,RU,-45.572906887070815,,,22.092578664876537
RU,41.7826,43.9275,RU,-44.89299795560748,,,15.44137921099734
RU,44.153,46.347,RU,-47.04963523829909,,,14.73918767934453
TY,0.0467,3.5413,Meow,-49.643076199856736,,,25.234477641510374
TY,3.8745,4.6058,Meow,-47.443764046446915,,,18.410058303414722
TY,5.2317,6.6086,Meow,-51.87148295969203,,,16.456128779380457
TY,6.6944,8.7321,Meow,-51.68853879442402,,,19.63465382390048
TY,9.2987,10.257,Meow,-51.67248026529948,,,11.196531926617936
TY,10.2873,13.3186,Meow,-51.91822014232673,,,17.83703480666416
TY,13.9217,16.827,Meow,-49.988207420532646,,,17.64754338775704
TY,17.1044,18.0728,Meow,-51.35913841011598,,,16.018651870771095
TY,18.6617,20.5985,Meow,-48.458324943621136,,,18.393682670462645
TY,20.8784,22.9313,Meow,-50.119278772865854,,,15.250456886327516
TY,23.5958,26.9903,Meow,-49.95753249446903,,,13.635958024507055
TY,27.3534,29.3155,Meow,-51.368577606823976,,,20.048089931366945
TY,29.5681,31.167,Meow,-53.0413818359375,,,18.68247879329999
TY,32.0072,34.4282,Meow,-48.76298586002066,,,7.886608239476001
TY,34.6603,35.7043,Meow,-51.73066594050481,,,16.77283258783625
TY,36.0267,38.6999,Meow,-47.91180579939139,,,13.360258694982686
TY,39.0244,41.1983,Meow,-49.27860833093318,,,13.668928832652039
TY,41.6316,43.7097,Meow,-48.14420259915865,,,10.069862640111467
TY,44.1031,46.8117,Meow,-52.4327721402214,,,9.307534131932682
TY,47.3022,49.5468,Meow,-53.68363298688616,,,17.148868465658644
XX,0.1128,2.8759,Meow,-49.995570086050726,,,17.990764708161702
XX,3.0085,3.7405,Meow,-47.218479104238014,,,17.419763445531316
XX,4.2551,7.3613,Meow,-49.590854853295816,,,20.276177591394656
XX,7.8705,11.3061,Meow,-50.95968840843023,,,17.936963311170345
XX,11.9583,14.6665,Meow,-52.008273754612546,,,18.757005415876794
XX,14.7076,15.5722,Meow,-49.20965434229651,,,8.02903670580309
XX,15.9161,17.81,Meow,-47.13054935515873,,,23.755497143038635
XX,17.81,19.9097,Meow,-47.486742001488096,,,19.06930553403171
XX,20.6584,23.1058,Meow,-46.82538663903061,,,13.74364565294645
XX,23.1607,24.3958,Meow,-45.18053017893145,,,7.975239418069895
XX,24.7664,26.3446,Meow,-50.70871242088607,,,9.68345932544684
XX,26.4025,28.5434,Meow,-46.808324510806074,,,22.157465851759618
XX,29.2929,32.0514,Meow,-51.89649498980978,,,18.548062991394826
XX,32.5305,34.7126,Meow,-49.224622813933486,,,19.002549414074377
XX,34.7126,36.4281,Meow,-49.34562363735465,,,17.268596410404797
XX,37.0769,38.8839,Meow,-47.42471296616022,,,17.91996492097175
XX,39.2178,41.3313,Meow,-49.455559463862556,,,19.154937354874406
XX,41.7673,44.2193,Meow,-47.58754384566326,,,22.15580023994378
EX,0.0615,1.6401,EX,-46.55605036095728,,,22.08474247878835
EX,1.7768,3.6282,EX,-48.48175675675676,,,24.984663627988592
EX,3.7898,4.7217,EX,-48.684496807795696,,,23.05195459243484
EX,5.3555,7.0702,EX,-47.95075497989766,,,22.790292046274015
EX,7.0702,8.8283,EX,-50.58362926136363,,,19.854336295420797
EX,9.3513,10.7927,EX,-46.89343600802951,,,25.14592752337897
EX,10.8299,12.8678,EX,-50.232780905330884,,,22.996127491077445
EX,13.4434,15.8664,EX,-48.91843685433884,,,24.263664325930627
EX,15.9037,16.8605,EX,-46.71843465169271,,,23.955351078511207
EX,17.3327,17.8919,EX,-52.456246512276785,,,14.396320351843965
EX,18.0741,20.4475,EX,-45.044596354166664,,,25.184567090129097
EX,20.5645,21.4094,EX,-46.42251441592262,,,20.313736137124177
EX,21.9686,24.2798,EX,-46.12978980654762,,,12.242305113263097
EX,24.6909,26.3684,EX,-47.1580083937872,,,15.761060101809857
EX,26.5873,28.4014,EX,-49.19762711498619,,,20.64206803853581
EX,29.234,31.3091,EX,-46.1595693734976,,,16.662664052764153
EX,31.3512,32.4199,EX,-45.05457797897196,,,15.913720300911978
EX,32.6311,35.079,EX,-45.14575494260204,,,11.650323108162354
EX,35.4842,37.4151,EX,-44.908481420012954,,,24.59016680793883
EX,37.9943,40.2807,EX,-45.286175457150655,,,12.226476455625821
EX,40.2807,41.8125,EX,-45.99765752655229,,,18.211233664970017
EX,42.2971,43.5273,EX,-45.46071519308943,,,24.433653336088902
EX,43.7385,44.40997732426304,EX,-50.032095382462686,,,19.9973795021232
PP,0.0855,2.202,Meow,-46.669834352889154,,,10.743730549392065
PP,2.2249,4.2407,Meow,-45.63369237314357,,,14.612725780682293
PP,4.653,5.583,Meow,-46.560531123991936,,,10.297380028591547
PP,6.1281,8.3226,Meow,-45.88662956621005,,,12.025394879782343
PP,8.3226,10.801,Meow,-46.73483177923387,,,13.511618321249248
PP,11.4591,14.0888,Meow,-43.37934440351711,,,14.395208866438244
PP,14.0888,16.4283,Meow,-45.678577390491455,,,12.28480740662821
PP,16.9868,18.5811,Meow,-41.941040806800316,,,13.378068226914884
PP,18.5811,20.9084,Meow,-42.65127917113734,,,11.982853267040474
PP,21.3253,22.6813,Meow,-41.839854520909924,,,13.004362296464478
PP,23.1928,25.6805,Meow,-44.701422879016064,,,11.783203908402626
PP,26.0607,28.7728,Meow,-45.51538356203874,,,9.717237227869298
PP,28.9461,31.9514,Meow,-43.11732700892857,,,10.550005593230573
PP,32.2736,35.8791,Meow,-41.364111733898895,,,9.436641212247684
PP,36.2112,38.0895,Meow,-43.77492831615692,,,11.867433225157438
PP,38.7415,41.7995,Meow,-44.59168836805556,,,14.392157534794976
PP,42.1569,43.3755,Meow,-45.28793384989754,,,10.717647457935104
PP,43.8443,45.324,Meow,-44.221943623310814,,,12.092457609532314
PP,45.324,47.1015,Meow,-38.80551593223315,,,11.184914447428378
PP,47.5383,50.1908,Meow,-43.495393573113205,,,13.47951104192092
PP,51.0658,53.3427,Meow,-43.05234888980263,,,11.524294898097548
PP,53.3427,56.2747,Meow,-41.32029583511092,,,12.348539318242121
PP,57.0158,60.1524,Meow,-42.887194590963375,,,11.212413665234498
GA,0.0378,1.5561,GA,-49.8156160053454,,,17.87313954958708
GA,1.5685,3.6966,GA,-45.505098298122064,,,14.013867588867893
GA,3.9331,4.7047,GA,-52.4150485744724,,,25.624138585223584
GA,5.3518,7.6542,GA,-51.69864979619565,,,23.034368377261387
GA,7.6542,8.7867,GA,-49.97517975663717,,,22.1432550070137
GA,9.383,10.4159,GA,-50.496776395631066,,,22.93424444305919
GA,10.4159,13.4027,GA,-45.928273280727424,,,18.76657001226991
GA,14.0921,16.7926,GA,-47.59540653935185,,,23.6200634837666
GA,16.7926,17.6638,GA,-47.30667991199713,,,24.63416394896651
GA,18.2487,19.0701,GA,-47.969678925304876,,,18.228311351064722
GA,19.1945,20.0781,GA,-50.4747480912642,,,20.164541392007152
GA,20.6159,22.5075,GA,-46.91408316798942,,,21.27153193407183
GA,23.4836,26.3833,GA,-47.7774380387931,,,14.417975338382528
GA,26.4455,27.9389,GA,-46.86903248217282,,,20.386324323108795
GA,28.1492,29.8542,GA,-51.755248309576025,,,19.92067103674295
GA,30.4915,32.5698,GA,-48.79005784254808,,,14.331310951385982
GA,32.6445,33.7148,GA,-49.36803628796729,,,19.279544594608556
GA,34.2748,36.5025,GA,-46.20123756306054,,,19.93796847993645
GA,36.7514,38.4439,GA,-48.66992765347633,,,24.935961908189014
GA,38.9903,39.961,GA,-43.700537612757735,,,27.826352457536146
GA,39.961,42.9105,GA,-45.809322033898304,,,19.348809933479902
GA,43.483,44.0554,GA,-46.849913479989034,,,20.388879326707638
GA,44.6404,46.1093,GA,-48.998013658588434,,,18.471560287211766
TU,0.0,0.9402,TU,-45.450984873670215,,,17.65897083718373
TU,1.0866,3.9912,TU,-47.569261853448275,,,16.262757638387143
TU,4.2353,4.8943,TU,-47.827566435842805,,,15.742826634196229
TU,5.0042,5.5168,TU,-43.61168236825981,,,17.888252981021655
TU,5.8707,7.6525,TU,-47.98199394311798,,,18.41082908254464
TU,7.8803,10.2357,TU,-48.32464082362288,,,14.539820622124846
TU,10.7573,11.8191,TU,-46.49551334021226,,,17.4205115484672
TU,12.0265,13.5765,TU,-45.851890120967745,,,18.093643558223306
TU,13.6253,15.7732,TU,-48.63720930232558,,,18.119799112940765
TU,16.3946,17.7249,TU,-48.20859154722744,,,18.577123574443004
TU,17.7371,19.7874,TU,-48.219350228658534,,,17.9642033559074
TU,20.0803,20.9956,TU,-43.36671248726223,,,18.15205468235393
TU,21.2519,22.0696,TU,-47.844431807355186,,,17.148071878959826
TU,22.4864,23.4994,TU,-49.288376005569305,,,17.207195604585447
TU,23.9387,25.8181,TU,-46.28226292386968,,,14.953124105557162
TU,25.9266,26.3782,TU,-48.490771484375,,,12.319444225944265
TU,26.5124,27.2691,TU,-46.428110223067435,,,15.337157782016076
TU,27.5132,28.1844,TU,-44.56574306203358,,,14.540850036056309
TU,28.3915,29.3522,TU,-48.89481099446615,,,18.733437132701717
TU,29.4954,30.7337,TU,-46.012396043346776,,,12.261305202376196
TU,31.1345,33.04,TU,-46.95862647251309,,,17.357312516841503
TU,33.3864,35.1187,TU,-46.11292844562861,,,18.76781966963817
TU,35.7227,38.2278,TU,-47.372688931772906,,,14.648132487419055
TU,38.6942,39.8535,TU,-48.5728759765625,,,16.12813817343841
TU,40.0851,42.2571,TU,-46.3154791906682,,,11.825796639001263
TU,42.3104,43.4964,TU,-40.35861180409664,,,15.034066743087557
TU,43.8495,46.0748,TU,-45.49985110706278,,,12.698244716243407
TU,46.7411,47.9137,TU,-44.41583199786325,,,16.684513078441572
TU,48.1571,49.3031,TU,-47.39063773777174,,,13.829876790908067
TU,49.3031,51.8216,TU,-45.55805896577381,,,15.409225162027337
TU,52.1759,52.8597,TU,-45.6743594898897,,,14.093273079583465
TU,52.9847,53.6686,TU,-46.80638212316177,,,18.278380033956232
TU,54.0565,54.6878,TU,-48.60315910218254,,,15.888257563626153
DM,0.0598,1.3069,DM,-47.68333984375,,,20.014645769216436
DM,1.6751,3.4804,DM,-46.987876597030386,,,24.906241905438755
DM,3.8486,4.6918,DM,-53.21375674293155,,,19.071164123995924
DM,5.1313,6.9366,DM,-48.14337124482044,,,19.4466063282535
DM,6.9607,8.861,DM,-51.40949835526316,,,18.916164938799433
DM,9.1935,9.8705,DM,-45.02551628561581,,,15.858218782951766
DM,10.3337,12.0677,DM,-45.62439317648121,,,16.934105407440683
DM,12.0975,14.5916,DM,-44.47256996736948,,,22.0360261015359
DM,15.0311,16.5869,DM,-48.434745592948715,,,16.913709839497585
DM,16.5869,18.1494,DM,-49.00076998197115,,,17.28518928722871
DM,18.6225,18.9831,DM,-57.87548149956597,,,18.687089377987355
DM,20.1352,20.5746,DM,-55.00448885830966,,,20.077622174735307
DM,20.8834,21.6792,DM,-57.957427978515625,,,18.9015361715556
DM,22.0162,23.7027,DM,-49.55592409393491,,,15.96288209839674
DM,23.8452,25.4011,DM,-49.57748647836539,,,21.18184658174141
DM,26.1929,27.5508,DM,-49.2977294921875,,,4.7870310358812045
DM,27.5508,29.9247,DM,-44.133550072521096,,,17.546589424673588
DM,30.2401,32.3099,DM,-44.72203351449275,,,17.916687326240638
DM,32.8478,35.2568,DM,-50.14979901452282,,,22.018583140659892
DM,36.0235,38.2688,DM,-46.57547743055556,,,18.628562060244874
DM,38.2998,39.5627,DM,-44.847412109375,,,16.960028665669682
DM,39.7615,41.0224,DM,-46.48438275049603,,,18.10748462495092
DM,41.3857,42.8825,DM,-47.257008463541666,,,19.063281051638732
DM,43.3506,45.2333,DM,-44.375644115691486,,,19.747973590452663
DM,45.4555,47.5426,DM,-48.79846366626794,,,16.798655780755887
DM,47.7882,49.9516,DM,-47.31478316695602,,,18.975236453639624
DM,50.162,50.9455,DM,-50.34228515625,,,21.147775413162805
DM,51.5185,52.8399,DM,-49.29208466500947,,,17.16641612442892
PE,0.1383,0.8774,PE,-44.88720703125,,,19.7285001289485
PE,0.9776,3.7336,PE,-53.366147248641305,,,19.742521364208724
PE,4.0843,4.8234,PE,-47.23801071579392,,,24.121750175432975
PE,5.3746,6.9656,PE,-48.886899936124216,,,27.366914078833638
PE,7.2119,8.8405,PE,-49.45109698523773,,,31.014084864984717
PE,9.0033,9.6297,PE,-47.88953605530754,,,23.0916712814115
PE,10.3603,11.2998,PE,-47.987605967420215,,,18.675813053061322
PE,11.5629,13.1789,PE,-46.615782937885804,,,24.934230248769076
PE,13.1789,14.7949,PE,-46.041841483410494,,,15.154820429109133
PE,15.4872,18.4311,PE,-46.8103940795068,,,23.6937523893423
PE,18.6315,19.7088,PE,-50.4815990306713,,,16.846803346970297
PE,20.2099,21.1244,PE,-51.66267277644231,,,12.960235227138275
PE,21.487,22.4015,PE,-47.86229932177198,,,17.912054816546217
PE,23.0814,24.7851,PE,-41.84387637867647,,,31.474786827610075
PE,24.9981,25.3363,PE,-46.024482278262866,,,22.862463771154495
PE,26.1005,27.0901,PE,-51.66040778882576,,,11.363491722854516
PE,27.5185,29.0092,PE,-44.16822763737416,,,23.284186503172542
PE,29.2723,31.7151,PE,-45.47759109246926,,,15.61290310145749
PE,32.1723,34.0264,PE,-42.736080025337834,,,17.782993995275287
PE,34.3074,35.8482,PE,-50.937928038758116,,,17.60133382586558
PE,36.5372,38.8798,PE,-44.98505525507478,,,17.99637627652817
PE,39.0908,40.1431,PE,-47.99699125744048,,,21.979676208213224
PE,40.6567,42.3228,PE,-46.97721744011976,,,19.088994713177488
PE,42.8065,45.5625,PE,-43.52501203011775,,,26.474747529152886
PE,47.0217,49.3017,PE,-45.83237818667763,,,25.713642948923574
PE,49.7006,50.7153,PE,-45.028112430383665,,,17.895918483002774
PE,50.9408,51.9054,PE,-45.00940958658854,,,22.830259320102208
PE,52.2186,55.0873,PE,-45.1038831119338,,,26.116241945609225
PE,55.493,56.1444,PE,-44.98047250600962,,,24.042833466462945
PE,56.4576,56.9837,PE,-51.48512124115566,,,24.863665168447294
PE,57.3219,57.9483,PE,-54.794460720486114,,,9.68710951088953
GO,0.0607,3.0546,Meow,-46.49174004494147,,,13.553174916819614
GO,3.3021,4.1109,Meow,-50.15641878858025,,,18.060647959241777
GO,4.7317,6.1984,Meow,-49.87562114689626,,,19.10508622635771
GO,6.1984,8.1119,Meow,-51.96774276014398,,,14.316270692498573
GO,8.7179,9.8061,Meow,-51.54203698394495,,,17.927294904082814
GO,10.1185,13.3777,Meow,-46.887440687308285,,,11.728227285646135
GO,14.1463,16.8883,Meow,-49.70844619639598,,,17.96375573911764
GO,17.023,17.998,Meow,-50.78237105389031,,,18.296487094278152
GO,18.562,20.2697,Meow,-47.2211457191155,,,14.465365567822658
GO,20.3289,22.139,Meow,-44.94500226605663,,,20.149174544585374
GO,22.8807,24.7554,Meow,-46.79877068014706,,,19.021197011702565
GO,25.0624,27.0664,Meow,-48.0151904296875,,,20.299117095854573
GO,27.1424,27.735,Meow,-42.759720107256356,,,10.190613186632905
GO,27.9397,28.8286,Meow,-44.07469605863764,,,16.486445843963892
GO,29.2218,30.7087,Meow,-48.26607723364094,,,18.7663572033469
GO,31.4889,32.5717,Meow,-48.40572554976852,,,13.999283441589311
GO,32.8034,35.179,Meow,-48.45353942358193,,,10.968050221702638
GO,35.6244,36.2278,Meow,-47.54835611979167,,,18.259667761747558
GO,36.287,39.1045,Meow,-46.33254377216312,,,19.5804738424346
GO,39.1045,40.749,Meow,-48.98487519054878,,,21.714279561809896
GO,41.5392,42.4012,Meow,-47.770025208938954,,,18.876638169824997
GO,42.7867,43.8853,Meow,-46.823490767045456,,,19.89433397628621
GO,43.9495,46.2457,Meow,-47.150840692934786,,,14.287862094620683
GO,46.4577,48.8529,Meow,-46.40658365885417,,,19.348283567670464
NO,0.1384,3.3924,Meow,-46.759450120192305,,,17.18467867111659
NO,3.489,4.3484,Meow,-40.549614484920056,,,11.90632519125729
NO,4.9193,7.884,Meow,-46.46006651182432,,,16.39258857441513
NO,8.2075,8.8158,Meow,-39.80780529585041,,,10.262171836734684
NO,9.0041,9.7621,Meow,-39.342966180098685,,,8.949614331131215
NO,10.2481,11.1171,Meow,-44.9600900233477,,,16.027177489904723
NO,11.175,14.1974,Meow,-44.42782168356788,,,16.148369586675074
NO,14.8882,17.8139,Meow,-45.534069699232084,,,18.084942184463024
NO,18.8958,20.1317,Meow,-44.51691658266129,,,15.41529406856132
NO,20.3651,22.1562,Meow,-48.151563591131286,,,18.337331548767793
NO,22.4483,24.3602,Meow,-41.77009366819372,,,15.261144139144573
NO,24.9226,27.7518,Meow,-46.538800242932865,,,15.799808382693726
NO,28.0757,30.1083,Meow,-45.7868014932266,,,18.890230296405917
NO,30.4659,32.2137,Meow,-44.77568917410714,,,16.378968496153924
NO,32.834,35.9384,Meow,-45.24694430443548,,,16.038344024038352
NO,36.3713,38.9349,Meow,-44.65191650390625,,,17.943536422554743
NO,39.1956,41.1848,Meow,-45.46318997330402,,,15.024593108665236
NO,41.6486,43.3529,Meow,-45.85842715992647,,,15.57469541084265
NO,43.7001,46.0755,Meow,-42.67222787552521,,,14.308992954600566
NO,46.3906,48.8577,Meow,-43.67302157135627,,,10.765372471592993
CA,0.0,0.8204,CA,-44.83204018197409,,,20.070629303592575
CA,0.9536,3.3489,CA,-47.063618977864586,,,20.721734839100257
CA,3.7376,4.3647,CA,-54.14071800595238,,,15.530936976805553
CA,4.5277,4.929,CA,-49.21439208984375,,,18.83760300842271
CA,5.4933,7.0609,CA,-47.474497412420384,,,17.60510906526246
CA,7.4407,9.5224,CA,-50.47932316706731,,,13.907031862780338
CA,9.7983,10.789,CA,-47.845333214962125,,,14.317954857470436
CA,10.8141,13.711,CA,-47.69940396012931,,,20.239968912462782
CA,14.3893,17.073,CA,-47.29256063432836,,,17.904690808577634
CA,17.3331,18.1984,CA,-47.69603650323276,,,18.04309544319931
CA,18.6749,19.4901,CA,-49.3272705078125,,,13.153558527546302
CA,19.8162,20.7818,CA,-45.24403491462629,,,20.135198719831116
CA,21.0452,22.1613,CA,-46.05810110909598,,,18.204976851253797
CA,22.2365,23.0893,CA,-47.67395163143382,,,15.355684445646277
CA,23.6171,24.821,CA,-47.9412841796875,,,19.27110287190412
CA,25.122,26.3886,CA,-47.28424120324803,,,15.176192277005093
CA,26.6519,27.6677,CA,-48.035041360294116,,,20.037823699137917
CA,28.0414,29.6466,CA,-45.795956060753106,,,20.32048942446959
CA,30.0103,31.5779,CA,-47.19145912121815,,,20.672340065922775
CA,32.5197,35.1658,CA,-45.37781913325472,,,16.00621474618557
CA,35.2535,36.1941,CA,-45.915677983710104,,,19.62824984893342
CA,36.6581,39.3418,CA,-43.909365525886194,,,15.618101119775558
CA,39.7702,41.6011,CA,-46.120528090846996,,,21.262636710434403
CA,42.0651,43.0809,CA,-45.74038277420343,,,17.27189611748137
CA,43.4195,44.3475,CA,-45.31807585685484,,,17.949175690964186
CA,44.6534,46.9985,CA,-44.220017453457444,,,14.720578665738717
CA,47.5127,48.4031,CA,-44.42620918188202,,,16.544597112437184
CA,48.8295,49.4941,CA,-48.66717714251894,,,20.886509572568045
CA,49.8829,50.6107,CA,-47.658179714255134,,,15.922185290544885
QI,0.371,1.0735,Meow,-53.069430106026786,,,14.06075214289326
QI,1.7219,4.7318,Meow,-62.44822596553156,,,21.86297604414117
QI,5.2397,6.234,Meow,-65.62034406565657,,,19.482896150599057
QI,6.9878,8.7277,Meow,-67.12097027658046,,,17.529051360505257
QI,9.0578,11.4732,Meow,-67.36095686983471,,,19.896706737751803
QI,12.4702,13.1997,Meow,-71.26500963184931,,,25.218966804082385
QI,13.749,15.2134,Meow,-57.947312446489725,,,18.698677490656266
QI,15.4025,17.7423,Meow,-64.81842614850427,,,10.67783328693713
QI,18.9401,22.1606,Meow,-66.48227630046584,,,15.298272767985628
QI,22.5065,23.5007,Meow,-66.7316771227904,,,16.294005620454307
QI,24.5778,26.7393,Meow,-64.89017740885417,,,23.53869790879733
QI,27.145,29.555,Meow,-59.659560587396264,,,19.938170692351353
QI,30.5704,32.8508,Meow,-63.05556983278509,,,21.301759196535535
QI,33.1696,34.272,Meow,-63.46790660511363,,,21.424583212206606
QI,34.8177,36.5036,Meow,-63.99557946560651,,,15.540355210326696
QI,37.2493,39.5459,Meow,-65.72080078125,,,14.259839767398793
QI,40.6698,43.0204,Meow,-63.864311835106385,,,14.936870458793138
QI,43.4207,44.3771,Meow,-66.21146647135417,,,20.620252607892155
QI,45.1579,47.3194,Meow,-61.569277162905095,,,18.201361882017775
QI,47.5625,48.9945,Meow,-60.10953206949301,,,8.652065618597781
QI,49.2966,51.4689,Meow,-62.20037082373272,,,15.865896410185922
QI,52.2475,54.49,Meow,-61.41422380719866,,,16.67203194709571
QI,55.2167,57.8105,Meow,-63.25579527630309,,,16.241439841680062
QI,58.4967,61.8254,Meow,-60.520323057432435,,,20.78694037691552
AI,0.02,3.3473,Meow,-49.023695570570574,,,16.799267318042443
AI,3.8338,4.7788,Meow,-48.78427220394737,,,18.613077920828182
AI,5.4828,7.281,Meow,-51.45868598090278,,,15.593420654824872
AI,7.2941,9.532,Meow,-52.16155569893973,,,18.833852795984008
AI,10.4843,11.39,Meow,-51.35448682177198,,,17.263526294929598
AI,11.5344,14.8026,Meow,-49.180475917431195,,,24.016342199795204
AI,15.4887,18.4025,Meow,-52.208081641967354,,,21.905822528888965
AI,18.4879,19.445,Meow,-47.239105224609375,,,18.37796931144062
AI,19.8781,20.839,Meow,-52.18174743652344,,,21.04556302702599
AI,21.1278,22.1581,Meow,-50.9960700470267,,,21.422656333665586
AI,22.355,24.7569,Meow,-46.09727783203125,,,18.1400583685384
AI,25.5405,26.6562,Meow,-51.45048304966518,,,19.403974229898395
AI,27.3799,29.6375,Meow,-49.56326050884956,,,23.777020878727548
AI,29.9064,31.5077,Meow,-50.032623291015625,,,16.635864979329774
AI,31.7177,33.4765,Meow,-49.79241943359375,,,18.771573948767976
AI,34.1393,36.6068,Meow,-51.913552473431174,,,19.4511182703165
AI,36.6068,37.7946,Meow,-52.36315405068277,,,19.355061846782135
AI,38.3317,41.2717,Meow,-49.96884964923469,,,23.43297651531407
AI,41.8173,43.7336,Meow,-51.15746561686198,,,22.690108466612294
AI,44.4751,45.466,Meow,-47.710079308712125,,,20.841225960463838
AI,45.6375,46.6285,Meow,-48.1884765625,,,20.496541979723425
AI,46.7466,49.0764,Meow,-49.78704231491416,,,17.773665539436468
AI,49.6504,52.223,Meow,-45.92908712305447,,,18.454608732386333
LS,0.0632,1.7525,Meow,-51.744371764053255,,,18.20029036851227
LS,1.8784,3.6727,Meow,-54.236622730446925,,,16.161190279226098
LS,3.935,4.958,Meow,-52.75541896446079,,,16.075237967889706
LS,5.9636,7.8523,Meow,-50.9314029431217,,,17.161649713984346
LS,8.2248,10.5646,Meow,-56.28150040064103,,,18.07948460901014
LS,11.2502,12.0109,Meow,-54.735788445723685,,,17.553873333951294
LS,12.4779,15.6309,Meow,-53.72100694444445,,,17.66534207899471
LS,16.5735,18.8399,Meow,-53.98508913821586,,,19.791260882678316
LS,19.1757,20.6237,Meow,-54.02098599137931,,,16.308010204178004
LS,21.4981,23.4707,Meow,-50.43734632772843,,,19.3947785305405
LS,23.5704,23.8957,Meow,-48.245442708333336,,,12.357311637929087
LS,24.3049,26.2565,Meow,-50.65282952724359,,,17.658341872410958
LS,27.3566,28.6629,Meow,-50.35392563215649,,,22.19343813861103
LS,28.7101,30.9136,Meow,-51.30847389914773,,,15.891827212629764
LS,31.7198,33.3881,Meow,-51.96039951347306,,,14.212192448833234
LS,33.6452,35.2506,Meow,-54.85654842779503,,,18.059969273001315
LS,35.9879,38.5376,Meow,-53.01541819852941,,,18.074887171039688
LS,39.2599,40.2725,Meow,-55.83787128712871,,,16.351335729250962
LS,40.7709,42.4497,Meow,-52.383916945684526,,,15.9076609121615
LS,42.5966,43.478,Meow,-50.91469504616477,,,10.352615318331987
LS,44.0459,46.0815,Meow,-52.48974609375,,,18.28931702848
LS,46.9321,48.9834,Meow,-51.22250857469512,,,17.169240614330704
LS,49.391,52.0509,Meow,-52.88451230615601,,,18.042425765595482
LS,52.5335,55.0098,Meow,-54.10472845262097,,,19.84639143782495
BR,0.1326,0.9552,Meow,-41.67514410251525,,,14.334306862499508
BR,1.1796,3.4231,Meow,-46.042349679129465,,,15.15191977576483
BR,3.82,4.7807,Meow,-42.94792683919271,,,13.759497091966244
BR,5.4857,7.1942,Meow,-45.55999577394006,,,14.79366561555166
BR,7.3043,9.1451,Meow,-44.28642737347147,,,19.134364319570068
BR,9.7827,10.6801,Meow,-44.170559353298614,,,16.38003916478397
BR,10.9562,13.9361,Meow,-44.768531748112416,,,12.988520007076636
BR,14.5934,17.6192,Meow,-46.412799092409244,,,17.870248848811247
BR,17.6808,18.4861,Meow,-44.97313850308642,,,16.47375566808094
BR,19.1082,20.8627,Meow,-45.034210379464284,,,15.148716144201877
BR,21.2424,23.0487,Meow,-43.82957095994475,,,13.086208983017979
BR,23.9212,25.1638,Meow,-43.61690398185484,,,13.764796526946244
BR,25.4041,27.5905,Meow,-46.2564479880137,,,13.123701622180555
BR,28.1764,30.2126,Meow,-41.818167892156865,,,16.578671338932303
BR,30.5656,32.3163,Meow,-45.117472098214286,,,13.27965193263585
BR,32.8947,35.3065,Meow,-44.20600200985477,,,17.219484766547353
BR,35.5094,36.5312,Meow,-44.51990942861519,,,13.829656681296479
BR,37.1923,39.7469,Meow,-39.85231694240196,,,12.91483810683988
BR,40.1675,42.1361,Meow,-43.34857828362944,,,14.653391185850491
BR,42.7693,43.761,Meow,-44.33607066761363,,,18.74389815288094
BR,44.0336,47.1367,Meow,-44.13221396169355,,,11.778979710160858
BR,47.58,50.3228,Meow,-41.09309064210766,,,13.324149250427144
WCH,0.1092,1.6198,WCH,-47.48283254863411,,,17.475465585313636
WCH,1.6681,4.0367,WCH,-47.44249818697257,,,18.782449504587028
WCH,4.23,5.3056,WCH,-44.684773763020836,,,24.434966288442038
WCH,5.8882,7.6525,WCH,-50.11482932350852,,,16.85747911593727
WCH,7.6767,10.4561,WCH,-45.793190057329134,,,13.943085666789617
WCH,10.8908,12.0147,WCH,-48.023119245256694,,,18.21353657140823
WCH,12.2201,13.8394,WCH,-41.724365234375,,,25.19698054732071
WCH,13.8515,15.3863,WCH,-48.55204184538399,,,21.449534919690343
WCH,15.8848,18.5313,WCH,-48.40360038325472,,,22.767593939709865
WCH,18.6439,19.514,WCH,-48.15196210488506,,,17.726895410326428
WCH,19.5744,20.7104,WCH,-51.65516635827851,,,24.834288834492206
WCH,21.1212,22.1363,WCH,-46.16261201746323,,,16.022958504470257
WCH,22.4143,23.5019,WCH,-46.856794724770644,,,14.570405588410779
WCH,23.7437,25.0126,WCH,-43.12213182824803,,,23.45881129251272
WCH,25.1939,25.6289,WCH,-45.56334062056108,,,19.00911908560285
WCH,25.919,26.8736,WCH,-52.335366981907896,,,11.332462489112398
WCH,27.2003,29.7139,WCH,-47.04150974228088,,,10.6383118959056
WCH,30.0401,31.2969,WCH,-41.556070963541664,,,9.18484090886438
WCH,31.5512,33.5935,WCH,-46.39268344056372,,,22.92647398545385
WCH,34.0044,35.66,WCH,-48.876635448042165,,,14.589370018588266
WCH,36.3399,39.0468,WCH,-46.548233538976014,,,18.292996305803648
WCH,39.1072,40.3157,WCH,-45.75677944214876,,,25.295578132848327
WCH,40.7601,41.5819,WCH,-54.77124618902439,,,17.821364740908855
WCH,41.5819,43.89,WCH,-40.113737824675326,,,14.679500456391118
WCH,43.9522,46.0911,WCH,-44.910603460864486,,,16.116005150781962
WCH,46.6953,47.94,WCH,-45.232685704385084,,,14.435077145746087
WCH,48.3328,50.1697,WCH,-44.665214206861414,,,16.412486639815103
WCH,50.1948,51.4637,WCH,-41.55602931225393,,,14.988178452499291
WCH,52.0316,54.0256,WCH,-48.42562912217337,,,7.29499128953897
WCH,54.521,55.4516,WCH,-53.313313802083336,,,20.322228121476947
WCH,55.8262,57.3851,WCH,-47.49275403145032,,,16.94703091309137
WCL,0.2994,1.5325,WCL,-45.01904693851626,,,18.705354511459298
WCL,1.5574,3.6625,WCL,-44.39706290728673,,,15.091535776139715
WCL,3.8742,4.8333,WCL,-46.02296447753906,,,11.859961889013764
WCL,5.4373,7.0316,WCL,-50.850116081957545,,,20.89829920848471
WCL,7.0316,9.3982,WCL,-48.89856523602321,,,11.249156651405649
WCL,10.1233,11.2941,WCL,-45.82644731570513,,,18.966173388062387
WCL,11.2941,14.1589,WCL,-44.58377267263986,,,16.377467685260022
WCL,14.6881,16.3572,WCL,-45.598091902133234,,,20.485997594011682
WCL,16.3572,18.101,WCL,-43.75000561242816,,,11.482424957022218
WCL,18.3751,19.2496,WCL,-46.47056562051006,,,15.114480339319996
WCL,19.8226,20.7443,WCL,-45.96395741338315,,,16.781153105841256
WCL,20.8315,21.8404,WCL,-44.84512782332921,,,14.524663096198601
WCL,21.9899,24.1323,WCL,-44.82220173773364,,,14.92239038761392
WCL,24.8326,27.1051,WCL,-45.573315322136565,,,9.798614646144038
WCL,27.2241,28.3202,WCL,-41.342737926136365,,,9.092664047041197
WCL,28.6191,30.1014,WCL,-46.99278135557432,,,15.416862217988552
WCL,30.3131,31.9075,WCL,-48.419276975235846,,,15.812679453884172
WCL,32.517,35.4565,WCL,-47.52701490752551,,,18.231704469742994
WCL,36.2039,38.5331,WCL,-44.43032457081545,,,20.390412363095937
WCL,38.5331,40.393,WCL,-46.84634891633065,,,11.08850536011524
WCL,40.9162,42.1119,WCL,-42.16578776041667,,,19.348778815562177
WCL,42.33,44.5284,WCL,-42.7921875,,,19.433882016375644
WCL,44.7589,45.9671,WCL,-47.45553412319215,,,19.378478355044017
WCL,46.3782,47.138,WCL,-43.808503803453945,,,15.09918844878396
WCL,47.3996,48.0722,WCL,-44.712923420009325,,,17.613279444660872
WCL,48.3088,49.0437,WCL,-50.77184222495719,,,14.80913187477519
HZ,0.0406,0.915,Meow,-45.62906620420259,,,18.276608986163588
HZ,0.915,3.4979,Meow,-47.66619352592054,,,19.12306308214847
HZ,3.7296,4.6787,Meow,-46.01187808388158,,,21.655441268388174
HZ,4.8916,6.4908,Meow,-50.73414916992188,,,20.286266525009385
HZ,6.6526,8.8559,Meow,-49.84129527698864,,,14.832186728387606
HZ,9.0966,9.9997,Meow,-49.21897243923611,,,19.249035623871194
HZ,10.0933,13.0904,Meow,-47.63783528645833,,,14.338262082078128
HZ,13.3311,16.6906,Meow,-48.859462193080354,,,19.439112337696045
HZ,16.7127,18.7377,Meow,-50.221511314655174,,,17.88339021360523
HZ,18.8247,21.3731,Meow,-47.52006740196079,,,19.608891241837593
HZ,21.5743,22.7881,Meow,-49.331978790030995,,,20.475152196125624
HZ,22.8965,24.8582,Meow,-49.547243702168366,,,20.01711894167388
HZ,24.8582,26.8371,Meow,-45.78467290088384,,,15.957529370145688
HZ,26.9248,28.7657,Meow,-49.18565302309783,,,23.167949500381475
HZ,29.0089,31.2006,Meow,-48.06333832762557,,,20.797173629236013
HZ,31.2597,32.2837,Meow,-50.526754940257355,,,15.975282587655922
HZ,32.3707,34.8961,Meow,-46.687824234189726,,,17.914085093051426
HZ,35.0202,36.8437,Meow,-47.877199948489015,,,17.48091103731376
HZ,37.4526,38.442,Meow,-53.350087791982325,,,17.01861605848623
HZ,38.4658,39.4322,Meow,-47.306897350193296,,,15.712877106752437
HZ,39.4667,41.8943,Meow,-46.17605452674897,,,17.317321309877812
HZ,41.9793,44.1308,Meow,-47.64376816860465,,,15.964818810958942
